image_id,target
ISIC_2637011,0
ISIC_0015719,0
ISIC_0052212,0
ISIC_0068279,0
ISIC_0074268,0
ISIC_0074311,0
ISIC_0074542,0
ISIC_0075663,0
ISIC_0075914,0
ISIC_0076262,0
ISIC_0076545,0
ISIC_0076742,0
ISIC_0076995,0
ISIC_0077472,0
ISIC_0077735,0
ISIC_0078703,0
ISIC_0078712,0
ISIC_0079038,0
ISIC_0080512,0
ISIC_0080752,0
ISIC_0080817,0
ISIC_0081956,0
ISIC_0082348,0
ISIC_0082543,0
ISIC_0082934,0
ISIC_0083035,0
ISIC_0084086,0
ISIC_0084270,0
ISIC_0084395,0
ISIC_0085172,0
ISIC_0085718,0
ISIC_0085902,0
ISIC_0086349,0
ISIC_0086462,0
ISIC_0086632,0
ISIC_0086709,0
ISIC_0087290,0
ISIC_0087297,0
ISIC_0088137,0
ISIC_0088489,0
ISIC_0089401,0
ISIC_0089569,0
ISIC_0089738,0
ISIC_0090279,0
ISIC_0091016,0
ISIC_0091559,0
ISIC_0091996,0
ISIC_0092726,0
ISIC_0092870,0
ISIC_0094701,0
ISIC_0094755,0
ISIC_0094775,0
ISIC_0095805,0
ISIC_0096201,0
ISIC_0096227,0
ISIC_0096328,0
ISIC_0097499,0
ISIC_0097500,0
ISIC_0097997,0
ISIC_0098198,0
ISIC_0098784,0
ISIC_0099474,0
ISIC_0099546,0
ISIC_0100550,0
ISIC_0103298,0
ISIC_0105145,0
ISIC_0106091,0
ISIC_0109415,0
ISIC_0109568,0
ISIC_0109703,0
ISIC_0109869,0
ISIC_0112097,0
ISIC_0112444,0
ISIC_0112884,0
ISIC_0113820,0
ISIC_0114225,0
ISIC_0120729,0
ISIC_0124849,0
ISIC_0125706,0
ISIC_0134357,0
ISIC_0136526,0
ISIC_0140339,0
ISIC_0147642,0
ISIC_0147817,0
ISIC_0147869,0
ISIC_0148465,0
ISIC_0148643,0
ISIC_0148677,0
ISIC_0148751,0
ISIC_0148783,0
ISIC_0149527,0
ISIC_0149568,1
ISIC_0149698,0
ISIC_0149918,0
ISIC_0150363,0
ISIC_0150975,0
ISIC_0151200,0
ISIC_0152307,0
ISIC_0152823,0
ISIC_0153265,0
ISIC_0153549,0
ISIC_0153589,0
ISIC_0153911,0
ISIC_0153932,0
ISIC_0154032,0
ISIC_0154253,0
ISIC_0154338,0
ISIC_0154813,0
ISIC_0154870,0
ISIC_0154872,0
ISIC_0154880,0
ISIC_0155012,0
ISIC_0155173,0
ISIC_0155273,0
ISIC_0155473,0
ISIC_0155575,0
ISIC_0156460,0
ISIC_0156642,0
ISIC_0156772,0
ISIC_0157530,0
ISIC_0157923,0
ISIC_0158127,0
ISIC_0158187,0
ISIC_0159060,0
ISIC_0159568,0
ISIC_0159663,0
ISIC_0159746,0
ISIC_0159782,0
ISIC_0159996,0
ISIC_0160270,0
ISIC_0160340,0
ISIC_0160455,0
ISIC_0160831,0
ISIC_0161840,0
ISIC_0162627,0
ISIC_0162708,0
ISIC_0162967,0
ISIC_0163110,0
ISIC_0163463,0
ISIC_0163639,0
ISIC_0163765,0
ISIC_0163767,0
ISIC_0163812,0
ISIC_0164145,0
ISIC_0164297,0
ISIC_0164329,0
ISIC_0164388,0
ISIC_0164512,0
ISIC_0164603,0
ISIC_0164809,0
ISIC_0165273,0
ISIC_0165449,0
ISIC_0165903,0
ISIC_0165945,0
ISIC_0166059,0
ISIC_0166202,0
ISIC_0166935,0
ISIC_0166988,0
ISIC_0167093,0
ISIC_0168306,0
ISIC_0168399,0
ISIC_0168418,0
ISIC_0168678,0
ISIC_0169604,0
ISIC_0169687,0
ISIC_0170008,0
ISIC_0170059,0
ISIC_0170101,0
ISIC_0170285,0
ISIC_0170545,0
ISIC_0170583,0
ISIC_0170636,0
ISIC_0170676,0
ISIC_0170696,0
ISIC_0170960,0
ISIC_0171235,0
ISIC_0171946,0
ISIC_0171983,0
ISIC_0172020,0
ISIC_0172163,0
ISIC_0172865,0
ISIC_0172959,0
ISIC_0173137,0
ISIC_0173213,0
ISIC_0173385,0
ISIC_0173485,0
ISIC_0174405,0
ISIC_0174527,0
ISIC_0174903,0
ISIC_0174983,0
ISIC_0175364,0
ISIC_0175486,0
ISIC_0175530,0
ISIC_0175837,0
ISIC_0176577,0
ISIC_0176781,0
ISIC_0177190,0
ISIC_0177304,0
ISIC_0177860,0
ISIC_0178430,0
ISIC_0178744,0
ISIC_0179056,0
ISIC_0179074,0
ISIC_0179104,0
ISIC_0179191,0
ISIC_0179267,0
ISIC_0180194,0
ISIC_0180510,0
ISIC_0180660,0
ISIC_0181017,0
ISIC_0181059,0
ISIC_0181374,0
ISIC_0181445,0
ISIC_0181678,0
ISIC_0182020,0
ISIC_0182730,0
ISIC_0183256,0
ISIC_0183290,0
ISIC_0183925,0
ISIC_0184482,0
ISIC_0184688,0
ISIC_0184944,0
ISIC_0185051,0
ISIC_0185135,0
ISIC_0185177,0
ISIC_0185547,0
ISIC_0185918,0
ISIC_0186161,0
ISIC_0186437,0
ISIC_0186501,0
ISIC_0186820,0
ISIC_0187428,0
ISIC_0187498,0
ISIC_0187812,0
ISIC_0188415,0
ISIC_0188432,1
ISIC_0188926,0
ISIC_0188955,0
ISIC_0189059,0
ISIC_0189333,0
ISIC_0189336,0
ISIC_0189694,0
ISIC_0189837,0
ISIC_0190308,0
ISIC_0190725,0
ISIC_0190870,0
ISIC_0191366,0
ISIC_0191734,0
ISIC_0191871,0
ISIC_0192419,0
ISIC_0192490,0
ISIC_0192596,0
ISIC_0192701,0
ISIC_0192893,0
ISIC_0193456,0
ISIC_0193785,0
ISIC_0193907,0
ISIC_0193920,0
ISIC_0194550,0
ISIC_0194914,0
ISIC_0195078,0
ISIC_0195699,0
ISIC_0195972,0
ISIC_0196273,0
ISIC_0196399,0
ISIC_0196403,0
ISIC_0196502,0
ISIC_0196559,0
ISIC_0196694,0
ISIC_0196945,0
ISIC_0197584,0
ISIC_0197636,0
ISIC_0197873,0
ISIC_0198331,0
ISIC_0198375,0
ISIC_0198392,0
ISIC_0198861,0
ISIC_0199116,0
ISIC_0199261,0
ISIC_0199455,0
ISIC_0199494,0
ISIC_0199538,0
ISIC_0199719,0
ISIC_0200153,0
ISIC_0200174,0
ISIC_0200204,0
ISIC_0200611,0
ISIC_0200921,0
ISIC_0200999,0
ISIC_0201351,0
ISIC_0201689,0
ISIC_0201767,0
ISIC_0202023,0
ISIC_0202120,0
ISIC_0202167,0
ISIC_0202259,0
ISIC_0202576,0
ISIC_0202680,0
ISIC_0202808,0
ISIC_0203016,0
ISIC_0203233,0
ISIC_0204275,0
ISIC_0204355,0
ISIC_0204580,0
ISIC_0204819,0
ISIC_0204994,0
ISIC_0205127,0
ISIC_0205748,0
ISIC_0205926,0
ISIC_0206079,0
ISIC_0206325,0
ISIC_0206442,0
ISIC_0206758,0
ISIC_0207209,0
ISIC_0207268,1
ISIC_0207341,0
ISIC_0207349,0
ISIC_0208378,0
ISIC_0208967,0
ISIC_0209871,0
ISIC_0210282,0
ISIC_0210308,0
ISIC_0210423,0
ISIC_0210830,0
ISIC_0210998,0
ISIC_0212729,0
ISIC_0212774,0
ISIC_0212931,0
ISIC_0213271,0
ISIC_0213336,0
ISIC_0213974,0
ISIC_0214037,0
ISIC_0214186,0
ISIC_0214335,0
ISIC_0214635,0
ISIC_0214903,0
ISIC_0215054,0
ISIC_0215112,0
ISIC_0215966,0
ISIC_0216296,0
ISIC_0216689,0
ISIC_0216690,0
ISIC_0217057,0
ISIC_0217111,0
ISIC_0217267,0
ISIC_0217818,0
ISIC_0218072,0
ISIC_0218575,0
ISIC_0218747,0
ISIC_0219450,0
ISIC_0219493,0
ISIC_0219948,0
ISIC_0220461,0
ISIC_0220649,0
ISIC_0220926,0
ISIC_0221351,0
ISIC_0221590,0
ISIC_0222117,0
ISIC_0222150,0
ISIC_0222299,0
ISIC_0223857,0
ISIC_0224295,0
ISIC_0224300,0
ISIC_0224397,0
ISIC_0224429,0
ISIC_0224678,0
ISIC_0224681,0
ISIC_0224919,0
ISIC_0224921,0
ISIC_0225245,0
ISIC_0225295,0
ISIC_0226034,0
ISIC_0226072,0
ISIC_0226137,0
ISIC_0227038,0
ISIC_0227532,0
ISIC_0228497,0
ISIC_0228659,0
ISIC_0228713,0
ISIC_0228718,0
ISIC_0228772,0
ISIC_0229265,0
ISIC_0229459,0
ISIC_0229510,0
ISIC_0229600,0
ISIC_0229656,0
ISIC_0229659,0
ISIC_0229680,0
ISIC_0229832,0
ISIC_0229871,0
ISIC_0230169,0
ISIC_0230209,0
ISIC_0230332,0
ISIC_0230516,0
ISIC_0230564,0
ISIC_0231167,0
ISIC_0231465,0
ISIC_0231745,0
ISIC_0231828,0
ISIC_0232101,1
ISIC_0232274,0
ISIC_0232767,0
ISIC_0232785,0
ISIC_0232963,0
ISIC_0233487,0
ISIC_0234038,0
ISIC_0234049,0
ISIC_0234096,0
ISIC_0234140,0
ISIC_0234146,0
ISIC_0234248,0
ISIC_0234894,0
ISIC_0235728,0
ISIC_0236237,0
ISIC_0236261,0
ISIC_0236510,0
ISIC_0236531,0
ISIC_0236739,0
ISIC_0236778,0
ISIC_0237514,0
ISIC_0237636,0
ISIC_0237721,0
ISIC_0237862,0
ISIC_0238002,0
ISIC_0238118,0
ISIC_0238215,0
ISIC_0238491,0
ISIC_0238570,0
ISIC_0238711,0
ISIC_0238824,0
ISIC_0238871,0
ISIC_0238940,0
ISIC_0239070,0
ISIC_0239178,0
ISIC_0239597,0
ISIC_0239810,0
ISIC_0239843,0
ISIC_0239949,0
ISIC_0240365,0
ISIC_0240628,0
ISIC_0240778,0
ISIC_0241109,0
ISIC_0242433,0
ISIC_0242571,0
ISIC_0242646,0
ISIC_0242801,0
ISIC_0243148,0
ISIC_0243160,0
ISIC_0243235,0
ISIC_0243683,0
ISIC_0243849,0
ISIC_0244197,0
ISIC_0244240,0
ISIC_0244877,0
ISIC_0245258,0
ISIC_0246090,0
ISIC_0246184,0
ISIC_0247197,0
ISIC_0247242,0
ISIC_0247330,1
ISIC_0247541,0
ISIC_0247964,0
ISIC_0248114,0
ISIC_0248218,0
ISIC_0248321,0
ISIC_0248521,0
ISIC_0248628,0
ISIC_0248936,0
ISIC_0249212,0
ISIC_0249269,0
ISIC_0249560,0
ISIC_0249982,0
ISIC_0250064,0
ISIC_0250069,0
ISIC_0250455,0
ISIC_0250839,1
ISIC_0250842,0
ISIC_0251149,0
ISIC_0252448,0
ISIC_0252649,0
ISIC_0253178,0
ISIC_0253367,0
ISIC_0253516,0
ISIC_0253871,0
ISIC_0254158,0
ISIC_0254447,0
ISIC_0254517,0
ISIC_0254686,0
ISIC_0254698,0
ISIC_0255205,0
ISIC_0255508,0
ISIC_0255796,0
ISIC_0255843,0
ISIC_0255914,0
ISIC_0255997,0
ISIC_0256715,0
ISIC_0256926,0
ISIC_0257447,0
ISIC_0257755,0
ISIC_0258061,0
ISIC_0258065,0
ISIC_0258806,0
ISIC_0258821,0
ISIC_0259179,0
ISIC_0259615,0
ISIC_0260290,0
ISIC_0260316,0
ISIC_0260475,0
ISIC_0261499,0
ISIC_0261693,0
ISIC_0261781,0
ISIC_0262276,0
ISIC_0262401,0
ISIC_0262618,0
ISIC_0262770,0
ISIC_0263178,0
ISIC_0263478,0
ISIC_0263522,0
ISIC_0263916,0
ISIC_0264941,0
ISIC_0265576,0
ISIC_0266468,0
ISIC_0266738,0
ISIC_0267054,0
ISIC_0267586,0
ISIC_0268080,0
ISIC_0268179,0
ISIC_0268187,0
ISIC_0268371,0
ISIC_0268557,0
ISIC_0268633,0
ISIC_0268701,0
ISIC_0268703,0
ISIC_0268784,0
ISIC_0268811,0
ISIC_0270101,0
ISIC_0270289,0
ISIC_0270582,0
ISIC_0271017,0
ISIC_0271121,0
ISIC_0271299,0
ISIC_0271408,0
ISIC_0271922,0
ISIC_0272026,0
ISIC_0272509,1
ISIC_0272567,0
ISIC_0273046,1
ISIC_0273222,0
ISIC_0273594,0
ISIC_0273664,0
ISIC_0273685,0
ISIC_0274382,1
ISIC_0274625,0
ISIC_0274900,0
ISIC_0275409,0
ISIC_0275661,0
ISIC_0275693,0
ISIC_0275783,0
ISIC_0275828,1
ISIC_0275984,0
ISIC_0276167,0
ISIC_0276435,0
ISIC_0277115,0
ISIC_0277164,0
ISIC_0277320,0
ISIC_0277340,0
ISIC_0277354,0
ISIC_0277705,0
ISIC_0277727,0
ISIC_0277859,0
ISIC_0278021,0
ISIC_0278116,0
ISIC_0278126,0
ISIC_0278130,0
ISIC_0278346,0
ISIC_0279526,0
ISIC_0280208,0
ISIC_0280404,0
ISIC_0280603,0
ISIC_0280749,0
ISIC_0280912,1
ISIC_0280943,0
ISIC_0281179,0
ISIC_0281286,0
ISIC_0281291,0
ISIC_0281404,0
ISIC_0281631,0
ISIC_0281658,0
ISIC_0281753,0
ISIC_0282040,0
ISIC_0282166,0
ISIC_0282281,0
ISIC_0282321,0
ISIC_0282422,0
ISIC_0282681,0
ISIC_0283463,0
ISIC_0283506,0
ISIC_0283511,0
ISIC_0283541,0
ISIC_0283957,0
ISIC_0284295,0
ISIC_0284422,0
ISIC_0284505,0
ISIC_0284664,0
ISIC_0285051,0
ISIC_0285095,0
ISIC_0285157,0
ISIC_0286360,1
ISIC_0286750,0
ISIC_0287510,0
ISIC_0287683,0
ISIC_0287784,0
ISIC_0287804,0
ISIC_0288421,0
ISIC_0288916,0
ISIC_0289191,0
ISIC_0289478,0
ISIC_0289491,0
ISIC_0290785,0
ISIC_0290881,0
ISIC_0291277,0
ISIC_0291282,0
ISIC_0291394,0
ISIC_0291473,0
ISIC_0291882,0
ISIC_0292158,0
ISIC_0292349,0
ISIC_0292616,0
ISIC_0292775,0
ISIC_0293086,0
ISIC_0293409,0
ISIC_0293416,0
ISIC_0293607,0
ISIC_0293967,0
ISIC_0294170,0
ISIC_0294249,0
ISIC_0294399,0
ISIC_0294687,0
ISIC_0294733,0
ISIC_0294910,0
ISIC_0295003,0
ISIC_0295104,0
ISIC_0295178,0
ISIC_0295323,0
ISIC_0295507,0
ISIC_0295820,0
ISIC_0296109,0
ISIC_0296580,0
ISIC_0296785,0
ISIC_0297032,0
ISIC_0297186,0
ISIC_0297558,0
ISIC_0297595,0
ISIC_0297795,0
ISIC_0298093,0
ISIC_0298274,0
ISIC_0299242,0
ISIC_0299504,0
ISIC_0299520,0
ISIC_0299741,0
ISIC_0300915,0
ISIC_0301191,0
ISIC_0301404,0
ISIC_0301568,0
ISIC_0301734,0
ISIC_0301931,0
ISIC_0302103,0
ISIC_0302441,0
ISIC_0302804,0
ISIC_0303196,0
ISIC_0303421,0
ISIC_0304019,0
ISIC_0304042,0
ISIC_0304649,0
ISIC_0304703,0
ISIC_0305250,0
ISIC_0305679,0
ISIC_0305798,0
ISIC_0305800,0
ISIC_0305842,0
ISIC_0305879,0
ISIC_0305928,0
ISIC_0307377,0
ISIC_0307909,0
ISIC_0307958,0
ISIC_0308127,0
ISIC_0308133,0
ISIC_0308722,0
ISIC_0308888,0
ISIC_0309317,0
ISIC_0309642,0
ISIC_0309912,0
ISIC_0310231,0
ISIC_0310341,0
ISIC_0310588,0
ISIC_0310734,0
ISIC_0311112,0
ISIC_0311369,0
ISIC_0311412,0
ISIC_0311783,0
ISIC_0311853,0
ISIC_0312662,0
ISIC_0313067,0
ISIC_0313422,0
ISIC_0313507,0
ISIC_0313653,0
ISIC_0313924,0
ISIC_0314462,0
ISIC_0315525,0
ISIC_0315631,0
ISIC_0316025,0
ISIC_0316484,0
ISIC_0316656,0
ISIC_0316668,0
ISIC_0316788,0
ISIC_0316826,0
ISIC_0316933,0
ISIC_0317589,0
ISIC_0317682,0
ISIC_0318642,0
ISIC_0319410,0
ISIC_0319491,0
ISIC_0319715,0
ISIC_0319928,0
ISIC_0320013,0
ISIC_0320227,0
ISIC_0320334,0
ISIC_0321114,0
ISIC_0322004,0
ISIC_0322340,0
ISIC_0322371,0
ISIC_0322637,0
ISIC_0322818,0
ISIC_0322967,0
ISIC_0323624,0
ISIC_0323792,0
ISIC_0324255,0
ISIC_0324380,0
ISIC_0324600,0
ISIC_0325416,0
ISIC_0325664,0
ISIC_0325761,0
ISIC_0325771,0
ISIC_0326523,0
ISIC_0326608,0
ISIC_0327120,0
ISIC_0327225,0
ISIC_0327406,1
ISIC_0329458,0
ISIC_0330567,0
ISIC_0331124,0
ISIC_0331159,0
ISIC_0331389,0
ISIC_0331767,0
ISIC_0331947,0
ISIC_0332337,0
ISIC_0332865,0
ISIC_0333051,0
ISIC_0333091,1
ISIC_0333102,0
ISIC_0333215,0
ISIC_0333246,0
ISIC_0333589,0
ISIC_0333641,0
ISIC_0333736,0
ISIC_0333899,0
ISIC_0334024,0
ISIC_0334101,0
ISIC_0334153,0
ISIC_0334227,0
ISIC_0335172,0
ISIC_0335396,0
ISIC_0337401,0
ISIC_0337541,0
ISIC_0337631,1
ISIC_0337921,0
ISIC_0337940,0
ISIC_0338377,0
ISIC_0338712,0
ISIC_0338723,0
ISIC_0338752,0
ISIC_0339099,0
ISIC_0339773,0
ISIC_0339922,0
ISIC_0339930,0
ISIC_0339959,0
ISIC_0340091,0
ISIC_0340256,0
ISIC_0340453,0
ISIC_0340931,0
ISIC_0340995,0
ISIC_0341159,0
ISIC_0341262,0
ISIC_0341298,0
ISIC_0341350,0
ISIC_0341663,0
ISIC_0341785,0
ISIC_0342557,0
ISIC_0342587,0
ISIC_0342608,0
ISIC_0342869,0
ISIC_0343061,0
ISIC_0343860,0
ISIC_0343957,0
ISIC_0344052,0
ISIC_0344658,0
ISIC_0345499,0
ISIC_0345845,0
ISIC_0347263,0
ISIC_0347795,0
ISIC_0347824,0
ISIC_0347984,0
ISIC_0348150,0
ISIC_0348503,0
ISIC_0348633,0
ISIC_0349484,0
ISIC_0349996,0
ISIC_0350117,0
ISIC_0350269,0
ISIC_0350472,0
ISIC_0350663,0
ISIC_0350875,0
ISIC_0351084,0
ISIC_0351188,0
ISIC_0351240,0
ISIC_0351547,0
ISIC_0351666,1
ISIC_0352239,0
ISIC_0353165,0
ISIC_0353280,0
ISIC_0353655,0
ISIC_0354123,0
ISIC_0354535,0
ISIC_0354589,0
ISIC_0354635,0
ISIC_0355023,0
ISIC_0355177,0
ISIC_0355197,0
ISIC_0355222,0
ISIC_0355705,0
ISIC_0355920,0
ISIC_0356238,0
ISIC_0356611,0
ISIC_0356904,0
ISIC_0356995,0
ISIC_0357043,0
ISIC_0357231,0
ISIC_0357525,0
ISIC_0358071,0
ISIC_0358285,0
ISIC_0358326,0
ISIC_0358490,0
ISIC_0359307,0
ISIC_0359698,0
ISIC_0360068,0
ISIC_0360367,0
ISIC_0360822,0
ISIC_0360832,0
ISIC_0360988,0
ISIC_0361034,0
ISIC_0361149,0
ISIC_0361341,0
ISIC_0361529,0
ISIC_0361741,0
ISIC_0361901,0
ISIC_0361914,0
ISIC_0362039,0
ISIC_0362190,0
ISIC_0362853,0
ISIC_0363130,0
ISIC_0363161,0
ISIC_0363251,0
ISIC_0363576,0
ISIC_0363695,0
ISIC_0364478,0
ISIC_0364641,0
ISIC_0365032,0
ISIC_0365216,0
ISIC_0365410,0
ISIC_0365540,0
ISIC_0366021,0
ISIC_0366085,0
ISIC_0367225,0
ISIC_0367913,0
ISIC_0368894,0
ISIC_0369348,0
ISIC_0369831,1
ISIC_0370008,0
ISIC_0370132,0
ISIC_0370932,0
ISIC_0371038,0
ISIC_0371763,0
ISIC_0371772,0
ISIC_0372299,0
ISIC_0372318,0
ISIC_0372350,0
ISIC_0372376,0
ISIC_0372456,0
ISIC_0372902,0
ISIC_0373585,0
ISIC_0374029,0
ISIC_0374231,0
ISIC_0374710,0
ISIC_0374954,0
ISIC_0375068,0
ISIC_0375073,0
ISIC_0375775,0
ISIC_0376301,0
ISIC_0377184,0
ISIC_0377213,0
ISIC_0377420,0
ISIC_0377965,0
ISIC_0378118,0
ISIC_0378169,0
ISIC_0378399,0
ISIC_0378714,0
ISIC_0379551,0
ISIC_0379624,0
ISIC_0379863,0
ISIC_0379931,0
ISIC_0379979,0
ISIC_0380545,0
ISIC_0380622,0
ISIC_0380779,0
ISIC_0380954,0
ISIC_0381051,0
ISIC_0381169,0
ISIC_0381255,0
ISIC_0381342,0
ISIC_0381930,0
ISIC_0381980,0
ISIC_0382519,0
ISIC_0383524,0
ISIC_0383804,0
ISIC_0384107,0
ISIC_0384200,0
ISIC_0384214,0
ISIC_0384407,0
ISIC_0384664,0
ISIC_0385579,0
ISIC_0385609,0
ISIC_0385627,0
ISIC_0385633,0
ISIC_0386664,0
ISIC_0387297,0
ISIC_0388873,0
ISIC_0389629,0
ISIC_0389955,0
ISIC_0390920,0
ISIC_0391694,0
ISIC_0391767,0
ISIC_0392105,0
ISIC_0392334,0
ISIC_0392759,0
ISIC_0392942,0
ISIC_0392966,0
ISIC_0393088,0
ISIC_0394030,0
ISIC_0394140,0
ISIC_0394157,0
ISIC_0394664,0
ISIC_0395456,0
ISIC_0395933,0
ISIC_0396184,0
ISIC_0396641,0
ISIC_0396865,0
ISIC_0397464,0
ISIC_0397577,0
ISIC_0397620,0
ISIC_0397658,0
ISIC_0398005,0
ISIC_0398069,0
ISIC_0398140,0
ISIC_0398435,0
ISIC_0399051,0
ISIC_0399220,0
ISIC_0399416,0
ISIC_0400685,0
ISIC_0401078,0
ISIC_0401116,0
ISIC_0401250,0
ISIC_0401401,0
ISIC_0401416,0
ISIC_0401425,0
ISIC_0401522,0
ISIC_0401528,0
ISIC_0402533,0
ISIC_0402674,0
ISIC_0403458,0
ISIC_0403893,0
ISIC_0404479,0
ISIC_0404568,0
ISIC_0404809,0
ISIC_0404840,0
ISIC_0405146,0
ISIC_0405163,0
ISIC_0405211,0
ISIC_0405253,0
ISIC_0405554,0
ISIC_0405652,0
ISIC_0405780,0
ISIC_0407005,0
ISIC_0407040,0
ISIC_0407905,0
ISIC_0408358,0
ISIC_0409172,0
ISIC_0409276,0
ISIC_0410165,0
ISIC_0410311,0
ISIC_0410824,0
ISIC_0410826,0
ISIC_0411005,0
ISIC_0411589,0
ISIC_0411688,0
ISIC_0411829,0
ISIC_0412319,0
ISIC_0412482,0
ISIC_0412659,0
ISIC_0412915,0
ISIC_0412939,0
ISIC_0413084,0
ISIC_0413111,0
ISIC_0413154,0
ISIC_0413173,0
ISIC_0413247,0
ISIC_0413372,0
ISIC_0413472,0
ISIC_0413512,0
ISIC_0413575,0
ISIC_0413715,0
ISIC_0413804,0
ISIC_0413901,0
ISIC_0414259,0
ISIC_0414670,0
ISIC_0414816,0
ISIC_0415496,0
ISIC_0416856,0
ISIC_0417530,0
ISIC_0417994,0
ISIC_0418519,0
ISIC_0418738,0
ISIC_0418746,0
ISIC_0419212,0
ISIC_0419302,0
ISIC_0419875,0
ISIC_0420174,0
ISIC_0420249,0
ISIC_0420331,0
ISIC_0420381,0
ISIC_0420477,0
ISIC_0420624,0
ISIC_0420777,0
ISIC_0421041,0
ISIC_0421558,0
ISIC_0422061,0
ISIC_0422139,0
ISIC_0422225,0
ISIC_0422283,0
ISIC_0422299,0
ISIC_0422301,0
ISIC_0422799,0
ISIC_0423201,0
ISIC_0423312,0
ISIC_0423395,0
ISIC_0423483,0
ISIC_0423722,0
ISIC_0423788,0
ISIC_0424324,0
ISIC_0424646,0
ISIC_0424700,0
ISIC_0424784,0
ISIC_0425276,0
ISIC_0426487,0
ISIC_0426592,0
ISIC_0426657,0
ISIC_0427209,0
ISIC_0427760,0
ISIC_0427813,0
ISIC_0428257,0
ISIC_0428383,0
ISIC_0428482,0
ISIC_0428656,0
ISIC_0429310,0
ISIC_0429932,0
ISIC_0430348,0
ISIC_0430356,0
ISIC_0430646,0
ISIC_0430837,0
ISIC_0430904,0
ISIC_0431008,0
ISIC_0431547,0
ISIC_0432077,0
ISIC_0432164,0
ISIC_0432236,0
ISIC_0432484,0
ISIC_0433142,0
ISIC_0433569,0
ISIC_0433594,0
ISIC_0433647,0
ISIC_0433742,0
ISIC_0434114,0
ISIC_0434354,0
ISIC_0434532,0
ISIC_0434566,0
ISIC_0435434,0
ISIC_0435596,0
ISIC_0436161,0
ISIC_0436964,0
ISIC_0436994,0
ISIC_0437018,0
ISIC_0437284,0
ISIC_0437567,0
ISIC_0437593,0
ISIC_0437828,0
ISIC_0437978,0
ISIC_0438115,0
ISIC_0438136,0
ISIC_0438234,0
ISIC_0438437,0
ISIC_0439040,0
ISIC_0439452,0
ISIC_0439527,0
ISIC_0439726,0
ISIC_0439839,0
ISIC_0439950,0
ISIC_0440291,0
ISIC_0440394,0
ISIC_0440582,0
ISIC_0440584,0
ISIC_0440848,0
ISIC_0441120,0
ISIC_0441148,0
ISIC_0441415,0
ISIC_0441845,0
ISIC_0441886,0
ISIC_0442290,0
ISIC_0442425,0
ISIC_0442749,0
ISIC_0442837,0
ISIC_0443266,0
ISIC_0443835,0
ISIC_0444339,0
ISIC_0444347,0
ISIC_0444603,0
ISIC_0444937,0
ISIC_0445189,0
ISIC_0445267,0
ISIC_0445347,0
ISIC_0445396,0
ISIC_0445911,0
ISIC_0447631,0
ISIC_0448016,0
ISIC_0448050,0
ISIC_0448195,0
ISIC_0448485,0
ISIC_0448964,0
ISIC_0449405,0
ISIC_0449568,0
ISIC_0449824,0
ISIC_0449983,0
ISIC_0450108,0
ISIC_0450142,0
ISIC_0450295,0
ISIC_0450401,0
ISIC_0451095,0
ISIC_0452356,0
ISIC_0452379,0
ISIC_0452388,0
ISIC_0452459,0
ISIC_0452656,0
ISIC_0453714,0
ISIC_0454594,0
ISIC_0455262,0
ISIC_0455456,0
ISIC_0455625,0
ISIC_0455687,0
ISIC_0455743,0
ISIC_0455800,0
ISIC_0456090,0
ISIC_0456901,0
ISIC_0456905,0
ISIC_0457030,0
ISIC_0457235,0
ISIC_0457385,0
ISIC_0457868,0
ISIC_0458106,0
ISIC_0458240,0
ISIC_0458561,0
ISIC_0459035,0
ISIC_0459155,0
ISIC_0460240,0
ISIC_0460608,0
ISIC_0460815,0
ISIC_0460833,0
ISIC_0461085,0
ISIC_0461128,0
ISIC_0461550,0
ISIC_0461634,0
ISIC_0461706,0
ISIC_0462956,0
ISIC_0463308,0
ISIC_0463621,0
ISIC_0463755,0
ISIC_0463832,0
ISIC_0464200,0
ISIC_0464315,0
ISIC_0464730,0
ISIC_0464836,0
ISIC_0465018,0
ISIC_0465385,0
ISIC_0465476,0
ISIC_0465938,0
ISIC_0467100,0
ISIC_0467553,0
ISIC_0467724,0
ISIC_0467850,0
ISIC_0468433,0
ISIC_0468611,0
ISIC_0469314,0
ISIC_0469542,0
ISIC_0469872,0
ISIC_0470210,0
ISIC_0470224,0
ISIC_0470433,0
ISIC_0470629,0
ISIC_0470731,0
ISIC_0471681,0
ISIC_0471825,0
ISIC_0472490,0
ISIC_0472513,0
ISIC_0472534,0
ISIC_0472796,0
ISIC_0473135,0
ISIC_0473257,0
ISIC_0473607,0
ISIC_0474406,0
ISIC_0474481,0
ISIC_0474551,0
ISIC_0474975,0
ISIC_0475341,0
ISIC_0475506,0
ISIC_0475718,0
ISIC_0475746,0
ISIC_0476011,0
ISIC_0476606,0
ISIC_0476670,0
ISIC_0476762,0
ISIC_0477201,0
ISIC_0477898,0
ISIC_0478536,0
ISIC_0478571,0
ISIC_0479013,0
ISIC_0479264,0
ISIC_0479757,0
ISIC_0480590,0
ISIC_0481059,0
ISIC_0481425,0
ISIC_0481453,0
ISIC_0481652,0
ISIC_0481702,0
ISIC_0481910,0
ISIC_0482297,0
ISIC_0482495,0
ISIC_0482585,0
ISIC_0483289,0
ISIC_0483469,0
ISIC_0483649,0
ISIC_0483872,0
ISIC_0484163,0
ISIC_0484171,0
ISIC_0484568,0
ISIC_0485417,0
ISIC_0485529,0
ISIC_0485537,0
ISIC_0485753,0
ISIC_0485815,0
ISIC_0485881,0
ISIC_0485914,0
ISIC_0485996,0
ISIC_0486478,0
ISIC_0486498,0
ISIC_0486516,0
ISIC_0487460,0
ISIC_0487660,0
ISIC_0488192,0
ISIC_0488252,0
ISIC_0488413,0
ISIC_0488595,0
ISIC_0489267,1
ISIC_0489611,0
ISIC_0489729,0
ISIC_0490442,0
ISIC_0490714,0
ISIC_0491818,0
ISIC_0492473,0
ISIC_0492483,0
ISIC_0492862,0
ISIC_0493185,0
ISIC_0493653,0
ISIC_0494046,0
ISIC_0494257,0
ISIC_0494263,0
ISIC_0494344,0
ISIC_0494383,0
ISIC_0494655,0
ISIC_0494865,0
ISIC_0494868,0
ISIC_0494885,0
ISIC_0495405,0
ISIC_0495675,0
ISIC_0496209,0
ISIC_0496971,0
ISIC_0496975,0
ISIC_0497390,0
ISIC_0497800,0
ISIC_0497817,0
ISIC_0497873,0
ISIC_0498037,0
ISIC_0498040,0
ISIC_0498374,0
ISIC_0499554,0
ISIC_0499719,0
ISIC_0499801,0
ISIC_0499971,0
ISIC_0499977,0
ISIC_0500253,0
ISIC_0500312,0
ISIC_0500526,0
ISIC_0501506,0
ISIC_0501843,0
ISIC_0502016,0
ISIC_0502419,0
ISIC_0502582,1
ISIC_0503937,0
ISIC_0503961,0
ISIC_0504165,1
ISIC_0504730,0
ISIC_0504868,0
ISIC_0505770,0
ISIC_0506309,0
ISIC_0506617,0
ISIC_0506843,0
ISIC_0506901,0
ISIC_0507002,0
ISIC_0507189,0
ISIC_0507787,0
ISIC_0508284,0
ISIC_0508937,0
ISIC_0509247,0
ISIC_0509406,0
ISIC_0509567,0
ISIC_0509700,0
ISIC_0509901,0
ISIC_0510145,0
ISIC_0510617,0
ISIC_0510785,0
ISIC_0510835,0
ISIC_0511356,0
ISIC_0511526,0
ISIC_0511782,0
ISIC_0512005,0
ISIC_0512155,0
ISIC_0513013,0
ISIC_0513207,0
ISIC_0513392,0
ISIC_0513488,0
ISIC_0514672,0
ISIC_0515441,0
ISIC_0515736,0
ISIC_0515794,0
ISIC_0515851,0
ISIC_0516183,0
ISIC_0516315,0
ISIC_0516337,0
ISIC_0516613,0
ISIC_0516982,0
ISIC_0517121,0
ISIC_0517460,0
ISIC_0517643,0
ISIC_0517716,0
ISIC_0517814,0
ISIC_0518018,0
ISIC_0518127,0
ISIC_0518233,0
ISIC_0518352,0
ISIC_0518459,0
ISIC_0519386,0
ISIC_0519705,0
ISIC_0519719,0
ISIC_0519765,0
ISIC_0520202,0
ISIC_0520584,0
ISIC_0520791,0
ISIC_0522024,0
ISIC_0522076,0
ISIC_0522785,0
ISIC_0522865,0
ISIC_0522926,0
ISIC_0522974,0
ISIC_0523031,0
ISIC_0523125,0
ISIC_0523228,0
ISIC_0523247,0
ISIC_0523251,0
ISIC_0523771,0
ISIC_0524046,0
ISIC_0524477,0
ISIC_0524863,0
ISIC_0525318,0
ISIC_0525376,0
ISIC_0525554,0
ISIC_0525687,0
ISIC_0526291,0
ISIC_0526705,0
ISIC_0526861,0
ISIC_0526904,0
ISIC_0526973,0
ISIC_0527088,0
ISIC_0527166,0
ISIC_0527170,0
ISIC_0527350,0
ISIC_0527593,0
ISIC_0527870,0
ISIC_0528044,1
ISIC_0528380,0
ISIC_0528495,0
ISIC_0528791,0
ISIC_0529262,0
ISIC_0529486,0
ISIC_0529518,0
ISIC_0529784,0
ISIC_0530054,0
ISIC_0530355,0
ISIC_0531490,0
ISIC_0532824,0
ISIC_0533122,1
ISIC_0533180,0
ISIC_0533349,0
ISIC_0533498,0
ISIC_0533930,0
ISIC_0533986,0
ISIC_0534191,0
ISIC_0534529,0
ISIC_0534674,0
ISIC_0535416,0
ISIC_0535654,0
ISIC_0535843,0
ISIC_0535920,0
ISIC_0536104,0
ISIC_0536321,0
ISIC_0536433,0
ISIC_0536454,0
ISIC_0536865,0
ISIC_0536980,0
ISIC_0537537,0
ISIC_0538042,0
ISIC_0538298,0
ISIC_0538688,0
ISIC_0538711,0
ISIC_0539038,0
ISIC_0539380,0
ISIC_0539398,0
ISIC_0539604,0
ISIC_0540848,0
ISIC_0541345,0
ISIC_0541724,0
ISIC_0542222,0
ISIC_0543132,0
ISIC_0543290,0
ISIC_0543351,0
ISIC_0543494,0
ISIC_0544840,0
ISIC_0544886,0
ISIC_0545237,0
ISIC_0545322,0
ISIC_0545838,0
ISIC_0545930,0
ISIC_0546209,0
ISIC_0546225,0
ISIC_0546675,0
ISIC_0546980,0
ISIC_0547097,0
ISIC_0547769,0
ISIC_0547893,0
ISIC_0547934,0
ISIC_0548022,0
ISIC_0548447,0
ISIC_0548904,0
ISIC_0549163,0
ISIC_0549211,0
ISIC_0549531,0
ISIC_0549791,0
ISIC_0550051,0
ISIC_0550406,0
ISIC_0550736,0
ISIC_0551392,0
ISIC_0551684,0
ISIC_0551708,0
ISIC_0551712,0
ISIC_0552221,0
ISIC_0552296,0
ISIC_0552437,0
ISIC_0552442,0
ISIC_0552911,0
ISIC_0552953,0
ISIC_0552960,0
ISIC_0553164,0
ISIC_0553509,0
ISIC_0553565,0
ISIC_0553932,0
ISIC_0554135,0
ISIC_0554499,0
ISIC_0555146,0
ISIC_0555529,0
ISIC_0557067,0
ISIC_0557109,0
ISIC_0557377,0
ISIC_0558046,0
ISIC_0558485,0
ISIC_0559314,0
ISIC_0559335,1
ISIC_0559481,0
ISIC_0559530,0
ISIC_0559541,0
ISIC_0559566,0
ISIC_0559686,0
ISIC_0560916,0
ISIC_0561104,0
ISIC_0561249,0
ISIC_0561295,0
ISIC_0561634,0
ISIC_0561802,0
ISIC_0561846,0
ISIC_0561873,0
ISIC_0561944,0
ISIC_0562223,0
ISIC_0562430,0
ISIC_0562807,0
ISIC_0562987,0
ISIC_0563516,0
ISIC_0563533,0
ISIC_0563705,0
ISIC_0564568,0
ISIC_0565046,0
ISIC_0565080,0
ISIC_0565120,0
ISIC_0565251,0
ISIC_0565743,0
ISIC_0565836,0
ISIC_0565905,0
ISIC_0566341,0
ISIC_0566527,0
ISIC_0566530,0
ISIC_0566804,0
ISIC_0567128,0
ISIC_0567142,0
ISIC_0567676,0
ISIC_0567814,0
ISIC_0568828,0
ISIC_0568867,0
ISIC_0569360,0
ISIC_0570393,0
ISIC_0570690,0
ISIC_0570742,0
ISIC_0571058,0
ISIC_0571560,0
ISIC_0571637,0
ISIC_0571654,0
ISIC_0572205,1
ISIC_0572450,0
ISIC_0573518,0
ISIC_0573656,0
ISIC_0573666,0
ISIC_0573934,0
ISIC_0574489,0
ISIC_0574880,0
ISIC_0574925,0
ISIC_0575072,0
ISIC_0575350,0
ISIC_0576265,0
ISIC_0576455,0
ISIC_0576644,0
ISIC_0576951,0
ISIC_0577311,0
ISIC_0578534,0
ISIC_0578806,0
ISIC_0579047,0
ISIC_0579562,0
ISIC_0579836,0
ISIC_0580054,0
ISIC_0580068,0
ISIC_0580222,0
ISIC_0580273,0
ISIC_0581293,0
ISIC_0581628,0
ISIC_0582315,0
ISIC_0582672,0
ISIC_0583539,0
ISIC_0583827,0
ISIC_0584130,0
ISIC_0584461,0
ISIC_0584464,0
ISIC_0584566,0
ISIC_0584978,0
ISIC_0585155,0
ISIC_0585396,0
ISIC_0586053,0
ISIC_0586396,0
ISIC_0586680,0
ISIC_0586782,0
ISIC_0587664,0
ISIC_0587860,0
ISIC_0588103,0
ISIC_0588322,0
ISIC_0588328,0
ISIC_0588744,0
ISIC_0588827,0
ISIC_0588855,0
ISIC_0589461,0
ISIC_0589744,0
ISIC_0590658,0
ISIC_0590790,0
ISIC_0591011,0
ISIC_0591057,0
ISIC_0591097,0
ISIC_0591226,0
ISIC_0591828,0
ISIC_0592026,0
ISIC_0592068,0
ISIC_0592088,0
ISIC_0592552,0
ISIC_0592946,0
ISIC_0592973,0
ISIC_0593591,0
ISIC_0593756,0
ISIC_0594068,0
ISIC_0594289,0
ISIC_0594534,0
ISIC_0594695,0
ISIC_0595018,0
ISIC_0595080,0
ISIC_0595199,0
ISIC_0595472,0
ISIC_0595676,0
ISIC_0596043,0
ISIC_0596089,0
ISIC_0596524,0
ISIC_0596607,0
ISIC_0596942,0
ISIC_0597012,0
ISIC_0597158,0
ISIC_0597414,0
ISIC_0597581,0
ISIC_0599047,0
ISIC_0599605,1
ISIC_0599755,0
ISIC_0599918,0
ISIC_0600084,0
ISIC_0600789,0
ISIC_0600866,0
ISIC_0601107,0
ISIC_0601576,0
ISIC_0602494,0
ISIC_0602529,0
ISIC_0602697,0
ISIC_0602723,0
ISIC_0602889,0
ISIC_0603439,0
ISIC_0603689,0
ISIC_0603777,0
ISIC_0603993,0
ISIC_0604062,0
ISIC_0604088,0
ISIC_0604532,0
ISIC_0604752,0
ISIC_0605128,0
ISIC_0605145,0
ISIC_0605180,0
ISIC_0605205,0
ISIC_0606437,0
ISIC_0606583,0
ISIC_0607205,0
ISIC_0607324,0
ISIC_0607836,0
ISIC_0607852,0
ISIC_0608454,0
ISIC_0608613,0
ISIC_0608625,0
ISIC_0609043,0
ISIC_0609067,0
ISIC_0609800,0
ISIC_0610141,0
ISIC_0610477,0
ISIC_0610499,0
ISIC_0610849,0
ISIC_0611629,0
ISIC_0611793,0
ISIC_0612080,0
ISIC_0612291,0
ISIC_0612374,0
ISIC_0612624,0
ISIC_0612816,0
ISIC_0612834,0
ISIC_0613014,0
ISIC_0613076,0
ISIC_0613362,0
ISIC_0613457,0
ISIC_0614259,0
ISIC_0614271,0
ISIC_0614681,0
ISIC_0615053,0
ISIC_0615335,0
ISIC_0615782,0
ISIC_0615970,0
ISIC_0616348,0
ISIC_0616456,0
ISIC_0616491,0
ISIC_0616698,0
ISIC_0617442,0
ISIC_0617767,0
ISIC_0618119,0
ISIC_0618123,0
ISIC_0618194,0
ISIC_0618524,0
ISIC_0618939,0
ISIC_0619244,0
ISIC_0619514,0
ISIC_0619848,0
ISIC_0620199,0
ISIC_0620587,0
ISIC_0621010,0
ISIC_0621550,0
ISIC_0621866,0
ISIC_0622084,0
ISIC_0622112,0
ISIC_0622841,0
ISIC_0623284,0
ISIC_0623386,0
ISIC_0623444,0
ISIC_0623642,0
ISIC_0623857,0
ISIC_0623875,0
ISIC_0624498,1
ISIC_0624747,0
ISIC_0624779,0
ISIC_0624783,0
ISIC_0625629,0
ISIC_0625777,0
ISIC_0626118,0
ISIC_0626390,0
ISIC_0626501,0
ISIC_0626653,0
ISIC_0626815,0
ISIC_0626832,0
ISIC_0626986,0
ISIC_0627369,0
ISIC_0627979,0
ISIC_0628277,0
ISIC_0628352,0
ISIC_0628662,0
ISIC_0628726,0
ISIC_0629437,0
ISIC_0630780,0
ISIC_0631420,0
ISIC_0631669,0
ISIC_0631689,0
ISIC_0632512,0
ISIC_0632876,0
ISIC_0633013,0
ISIC_0633126,0
ISIC_0633259,0
ISIC_0633835,0
ISIC_0634028,0
ISIC_0634107,0
ISIC_0634521,0
ISIC_0636481,0
ISIC_0636587,0
ISIC_0637043,0
ISIC_0637539,0
ISIC_0637965,0
ISIC_0638468,0
ISIC_0638575,0
ISIC_0638652,0
ISIC_0638857,0
ISIC_0638889,0
ISIC_0639077,0
ISIC_0639140,0
ISIC_0639162,0
ISIC_0639414,0
ISIC_0639415,0
ISIC_0639769,1
ISIC_0639951,0
ISIC_0640770,0
ISIC_0640806,0
ISIC_0640895,0
ISIC_0641173,0
ISIC_0641330,0
ISIC_0641480,0
ISIC_0641973,0
ISIC_0642200,0
ISIC_0642269,0
ISIC_0642715,0
ISIC_0643659,0
ISIC_0644253,0
ISIC_0644461,0
ISIC_0644590,0
ISIC_0644964,0
ISIC_0644970,0
ISIC_0645116,0
ISIC_0645454,1
ISIC_0645462,0
ISIC_0645742,0
ISIC_0645769,0
ISIC_0645777,0
ISIC_0645834,0
ISIC_0645950,0
ISIC_0646515,0
ISIC_0647224,1
ISIC_0647450,0
ISIC_0648067,0
ISIC_0648310,0
ISIC_0648752,0
ISIC_0648773,0
ISIC_0649544,0
ISIC_0649705,0
ISIC_0650027,0
ISIC_0650126,0
ISIC_0650282,0
ISIC_0650784,0
ISIC_0651114,0
ISIC_0651166,0
ISIC_0651200,0
ISIC_0651353,0
ISIC_0651379,0
ISIC_0651741,0
ISIC_0651760,0
ISIC_0652203,0
ISIC_0652205,0
ISIC_0652867,0
ISIC_0653308,0
ISIC_0653456,0
ISIC_0653633,0
ISIC_0653706,0
ISIC_0653785,0
ISIC_0654104,0
ISIC_0654269,0
ISIC_0654462,0
ISIC_0654636,0
ISIC_0654672,0
ISIC_0654846,0
ISIC_0655205,0
ISIC_0655316,0
ISIC_0655635,0
ISIC_0655722,0
ISIC_0656395,0
ISIC_0656543,0
ISIC_0657123,0
ISIC_0657485,0
ISIC_0657596,0
ISIC_0657811,0
ISIC_0658225,0
ISIC_0658963,0
ISIC_0659153,0
ISIC_0659400,0
ISIC_0659540,0
ISIC_0659600,0
ISIC_0659878,0
ISIC_0660331,0
ISIC_0660449,0
ISIC_0660770,0
ISIC_0661120,0
ISIC_0661284,0
ISIC_0661926,0
ISIC_0662000,1
ISIC_0662183,0
ISIC_0662867,0
ISIC_0662911,0
ISIC_0663446,0
ISIC_0663588,0
ISIC_0663631,0
ISIC_0663824,0
ISIC_0663941,0
ISIC_0664031,0
ISIC_0664113,0
ISIC_0664115,0
ISIC_0664452,0
ISIC_0666481,0
ISIC_0666591,0
ISIC_0666641,0
ISIC_0667108,0
ISIC_0667136,0
ISIC_0667149,0
ISIC_0667315,0
ISIC_0667763,0
ISIC_0668165,0
ISIC_0668739,0
ISIC_0668772,0
ISIC_0668924,0
ISIC_0668969,0
ISIC_0669411,0
ISIC_0669605,0
ISIC_0669666,0
ISIC_0669766,0
ISIC_0670398,0
ISIC_0670561,0
ISIC_0671251,0
ISIC_0671826,0
ISIC_0672304,0
ISIC_0672985,0
ISIC_0673183,0
ISIC_0674472,0
ISIC_0674629,0
ISIC_0674644,0
ISIC_0674662,0
ISIC_0674717,0
ISIC_0674746,0
ISIC_0675028,0
ISIC_0675512,0
ISIC_0675767,0
ISIC_0675785,0
ISIC_0675972,0
ISIC_0676126,0
ISIC_0677159,0
ISIC_0677230,0
ISIC_0678121,0
ISIC_0678196,0
ISIC_0678299,0
ISIC_0678543,0
ISIC_0678569,0
ISIC_0678649,0
ISIC_0678758,0
ISIC_0678913,0
ISIC_0679155,0
ISIC_0679359,0
ISIC_0679494,0
ISIC_0679553,0
ISIC_0679781,0
ISIC_0679972,0
ISIC_0680023,0
ISIC_0680210,0
ISIC_0680599,0
ISIC_0680651,0
ISIC_0680823,0
ISIC_0681153,0
ISIC_0681666,0
ISIC_0681844,0
ISIC_0682086,0
ISIC_0682255,0
ISIC_0682366,0
ISIC_0682403,0
ISIC_0682543,0
ISIC_0682795,0
ISIC_0683077,0
ISIC_0683259,0
ISIC_0683389,0
ISIC_0683925,0
ISIC_0683986,0
ISIC_0684951,0
ISIC_0684995,0
ISIC_0685123,0
ISIC_0685154,0
ISIC_0685898,0
ISIC_0686446,0
ISIC_0686467,0
ISIC_0686826,0
ISIC_0686839,0
ISIC_0687455,0
ISIC_0687554,0
ISIC_0687593,0
ISIC_0687788,0
ISIC_0687823,0
ISIC_0688622,0
ISIC_0689091,0
ISIC_0689354,0
ISIC_0690237,0
ISIC_0690264,0
ISIC_0690527,0
ISIC_0690734,0
ISIC_0690822,0
ISIC_0691030,0
ISIC_0691329,0
ISIC_0691357,0
ISIC_0691454,0
ISIC_0691554,0
ISIC_0692285,0
ISIC_0692478,0
ISIC_0692839,0
ISIC_0692990,0
ISIC_0693902,0
ISIC_0693968,0
ISIC_0694033,0
ISIC_0694037,0
ISIC_0694188,0
ISIC_0694381,0
ISIC_0694559,0
ISIC_0694677,0
ISIC_0694924,0
ISIC_0695014,0
ISIC_0695029,0
ISIC_0695059,0
ISIC_0695428,0
ISIC_0695575,0
ISIC_0696027,0
ISIC_0696150,0
ISIC_0696303,0
ISIC_0696408,0
ISIC_0696556,0
ISIC_0696797,0
ISIC_0697138,0
ISIC_0697622,0
ISIC_0697691,0
ISIC_0697951,0
ISIC_0697953,0
ISIC_0698821,0
ISIC_0699098,0
ISIC_0699205,0
ISIC_0699772,0
ISIC_0700213,0
ISIC_0700768,0
ISIC_0700870,0
ISIC_0701449,0
ISIC_0701455,0
ISIC_0702042,0
ISIC_0702174,0
ISIC_0702317,0
ISIC_0702876,0
ISIC_0703540,0
ISIC_0704233,0
ISIC_0704618,0
ISIC_0704859,0
ISIC_0704895,0
ISIC_0705313,0
ISIC_0705586,0
ISIC_0705641,0
ISIC_0706512,0
ISIC_0706891,0
ISIC_0707244,0
ISIC_0707446,0
ISIC_0707619,0
ISIC_0707756,0
ISIC_0707824,0
ISIC_0708003,0
ISIC_0708011,0
ISIC_0708542,0
ISIC_0708552,0
ISIC_0708600,0
ISIC_0708747,0
ISIC_0709041,0
ISIC_0709380,0
ISIC_0709699,0
ISIC_0709934,0
ISIC_0710064,0
ISIC_0710431,0
ISIC_0710501,0
ISIC_0711360,0
ISIC_0711790,0
ISIC_0711803,0
ISIC_0711820,0
ISIC_0711907,0
ISIC_0712254,0
ISIC_0712270,0
ISIC_0712615,0
ISIC_0713368,0
ISIC_0714147,0
ISIC_0714807,0
ISIC_0715086,0
ISIC_0715115,0
ISIC_0715335,0
ISIC_0715702,0
ISIC_0715869,0
ISIC_0716541,0
ISIC_0716674,0
ISIC_0716858,0
ISIC_0717497,0
ISIC_0717851,0
ISIC_0718436,0
ISIC_0718586,0
ISIC_0718834,0
ISIC_0719366,0
ISIC_0719381,0
ISIC_0719631,0
ISIC_0719704,0
ISIC_0720013,0
ISIC_0720105,0
ISIC_0720915,0
ISIC_0721010,0
ISIC_0721819,0
ISIC_0722086,0
ISIC_0722367,0
ISIC_0723083,0
ISIC_0723112,0
ISIC_0723505,0
ISIC_0723595,0
ISIC_0723780,0
ISIC_0723895,0
ISIC_0725711,0
ISIC_0725958,0
ISIC_0726170,0
ISIC_0726626,0
ISIC_0727016,0
ISIC_0727322,0
ISIC_0727425,0
ISIC_0727489,0
ISIC_0728291,0
ISIC_0728350,0
ISIC_0728413,0
ISIC_0728868,0
ISIC_0728967,0
ISIC_0729264,0
ISIC_0732102,0
ISIC_0732124,0
ISIC_0732375,0
ISIC_0732389,0
ISIC_0732626,0
ISIC_0732636,0
ISIC_0732688,0
ISIC_0733140,0
ISIC_0733981,0
ISIC_0734540,0
ISIC_0736508,0
ISIC_0736928,0
ISIC_0737013,0
ISIC_0737125,0
ISIC_0737354,0
ISIC_0737399,0
ISIC_0737413,0
ISIC_0737883,0
ISIC_0738443,0
ISIC_0738510,0
ISIC_0738587,0
ISIC_0740001,0
ISIC_0740118,0
ISIC_0740199,0
ISIC_0740449,0
ISIC_0740716,0
ISIC_0740862,0
ISIC_0741694,0
ISIC_0742607,0
ISIC_0742879,0
ISIC_0742933,0
ISIC_0743090,0
ISIC_0743096,0
ISIC_0743540,0
ISIC_0744013,1
ISIC_0744177,0
ISIC_0744553,0
ISIC_0744870,0
ISIC_0745395,0
ISIC_0745450,0
ISIC_0745718,0
ISIC_0745721,0
ISIC_0746397,0
ISIC_0747101,0
ISIC_0747812,0
ISIC_0747870,0
ISIC_0748377,0
ISIC_0748416,0
ISIC_0749089,0
ISIC_0749263,0
ISIC_0750244,0
ISIC_0750403,0
ISIC_0750683,0
ISIC_0751145,0
ISIC_0751211,0
ISIC_0751219,0
ISIC_0751582,0
ISIC_0751846,0
ISIC_0752546,0
ISIC_0752831,0
ISIC_0753080,0
ISIC_0753112,0
ISIC_0753250,0
ISIC_0753336,0
ISIC_0753491,0
ISIC_0753656,0
ISIC_0753765,0
ISIC_0753802,0
ISIC_0754049,0
ISIC_0754156,0
ISIC_0754233,0
ISIC_0754555,0
ISIC_0754561,0
ISIC_0754586,0
ISIC_0754658,0
ISIC_0754749,0
ISIC_0754789,0
ISIC_0755331,0
ISIC_0755477,0
ISIC_0755565,0
ISIC_0755778,0
ISIC_0756080,0
ISIC_0757147,0
ISIC_0757401,0
ISIC_0757532,0
ISIC_0757639,0
ISIC_0757711,0
ISIC_0757818,0
ISIC_0758009,0
ISIC_0758283,0
ISIC_0758633,0
ISIC_0758641,0
ISIC_0758704,0
ISIC_0758729,0
ISIC_0758797,0
ISIC_0759120,0
ISIC_0759561,0
ISIC_0759612,0
ISIC_0760028,0
ISIC_0760168,0
ISIC_0760281,0
ISIC_0760601,0
ISIC_0760740,0
ISIC_0760892,0
ISIC_0761049,0
ISIC_0761158,0
ISIC_0761472,0
ISIC_0761623,0
ISIC_0761693,0
ISIC_0761713,0
ISIC_0761975,0
ISIC_0762262,0
ISIC_0762367,0
ISIC_0762591,0
ISIC_0762958,0
ISIC_0763117,0
ISIC_0763140,0
ISIC_0763328,0
ISIC_0763578,0
ISIC_0763883,0
ISIC_0763957,0
ISIC_0764189,0
ISIC_0764975,0
ISIC_0765397,0
ISIC_0765568,0
ISIC_0765584,0
ISIC_0765585,0
ISIC_0765632,0
ISIC_0765658,0
ISIC_0765973,0
ISIC_0766328,0
ISIC_0766345,0
ISIC_0766365,0
ISIC_0766666,0
ISIC_0766724,0
ISIC_0766935,0
ISIC_0767006,0
ISIC_0767028,0
ISIC_0768514,0
ISIC_0769159,0
ISIC_0769469,0
ISIC_0769700,0
ISIC_0769854,0
ISIC_0770206,0
ISIC_0770257,0
ISIC_0770328,0
ISIC_0770723,0
ISIC_0770772,0
ISIC_0770814,0
ISIC_0770861,0
ISIC_0770920,0
ISIC_0770930,0
ISIC_0770935,0
ISIC_0771048,0
ISIC_0771051,0
ISIC_0771151,0
ISIC_0771168,0
ISIC_0771537,0
ISIC_0771953,0
ISIC_0772833,0
ISIC_0772836,0
ISIC_0772957,0
ISIC_0773096,0
ISIC_0773193,0
ISIC_0773907,0
ISIC_0775040,0
ISIC_0775393,0
ISIC_0776189,0
ISIC_0776193,0
ISIC_0776486,0
ISIC_0776581,0
ISIC_0776605,0
ISIC_0776657,0
ISIC_0776935,0
ISIC_0777538,0
ISIC_0778327,0
ISIC_0778477,0
ISIC_0778724,0
ISIC_0779135,0
ISIC_0779920,1
ISIC_0780232,0
ISIC_0780259,0
ISIC_0780589,0
ISIC_0780947,0
ISIC_0781161,0
ISIC_0781315,0
ISIC_0781336,0
ISIC_0781380,0
ISIC_0781588,0
ISIC_0782037,0
ISIC_0783177,0
ISIC_0783945,0
ISIC_0784284,0
ISIC_0784774,0
ISIC_0786170,0
ISIC_0786233,0
ISIC_0786366,0
ISIC_0786913,0
ISIC_0787229,0
ISIC_0787585,0
ISIC_0787745,0
ISIC_0787851,0
ISIC_0788453,0
ISIC_0788721,0
ISIC_0788875,0
ISIC_0789732,0
ISIC_0789997,0
ISIC_0790575,0
ISIC_0790942,0
ISIC_0791303,0
ISIC_0791761,0
ISIC_0792589,0
ISIC_0792805,0
ISIC_0792879,0
ISIC_0793465,0
ISIC_0793501,0
ISIC_0794216,0
ISIC_0794912,0
ISIC_0795514,0
ISIC_0795802,0
ISIC_0796325,0
ISIC_0796345,0
ISIC_0796372,0
ISIC_0796973,0
ISIC_0797473,0
ISIC_0797476,0
ISIC_0797931,0
ISIC_0798355,0
ISIC_0798837,0
ISIC_0799347,0
ISIC_0799535,0
ISIC_0800069,0
ISIC_0800079,0
ISIC_0800269,0
ISIC_0800628,0
ISIC_0800882,0
ISIC_0801281,0
ISIC_0801563,0
ISIC_0801704,0
ISIC_0803154,0
ISIC_0803575,0
ISIC_0803667,0
ISIC_0803685,0
ISIC_0803691,0
ISIC_0803755,0
ISIC_0803850,0
ISIC_0804420,0
ISIC_0804511,0
ISIC_0805464,0
ISIC_0805472,0
ISIC_0805941,0
ISIC_0806138,0
ISIC_0806303,0
ISIC_0808057,0
ISIC_0808108,0
ISIC_0808309,0
ISIC_0809112,0
ISIC_0809173,0
ISIC_0809241,0
ISIC_0809467,0
ISIC_0809845,0
ISIC_0809927,0
ISIC_0810640,0
ISIC_0811352,0
ISIC_0811406,0
ISIC_0811783,0
ISIC_0812078,0
ISIC_0812223,0
ISIC_0812959,0
ISIC_0813156,0
ISIC_0813342,0
ISIC_0813386,0
ISIC_0813423,0
ISIC_0813485,0
ISIC_0813508,0
ISIC_0813856,0
ISIC_0814097,0
ISIC_0814592,0
ISIC_0814894,0
ISIC_0815664,0
ISIC_0815802,0
ISIC_0816076,0
ISIC_0816628,0
ISIC_0816917,0
ISIC_0817091,0
ISIC_0817140,0
ISIC_0817172,0
ISIC_0817569,0
ISIC_0817654,0
ISIC_0817914,0
ISIC_0818033,0
ISIC_0818181,0
ISIC_0818517,0
ISIC_0818550,0
ISIC_0818621,0
ISIC_0818914,0
ISIC_0819357,0
ISIC_0819380,0
ISIC_0819729,0
ISIC_0819765,0
ISIC_0820029,0
ISIC_0820559,0
ISIC_0820729,0
ISIC_0820978,0
ISIC_0821104,0
ISIC_0821121,0
ISIC_0821520,0
ISIC_0821645,0
ISIC_0822116,0
ISIC_0822238,0
ISIC_0822656,0
ISIC_0822842,0
ISIC_0824361,0
ISIC_0824821,0
ISIC_0825026,0
ISIC_0825113,0
ISIC_0825763,0
ISIC_0826213,0
ISIC_0826710,0
ISIC_0826813,0
ISIC_0826834,0
ISIC_0826847,0
ISIC_0826998,0
ISIC_0827099,0
ISIC_0827854,0
ISIC_0828069,0
ISIC_0828120,0
ISIC_0828310,0
ISIC_0828475,0
ISIC_0828916,0
ISIC_0829303,0
ISIC_0829433,0
ISIC_0829565,0
ISIC_0829904,0
ISIC_0829995,0
ISIC_0830131,0
ISIC_0830217,0
ISIC_0830806,0
ISIC_0830876,0
ISIC_0831173,0
ISIC_0831791,0
ISIC_0831884,0
ISIC_0832651,0
ISIC_0832676,0
ISIC_0832987,0
ISIC_0833336,0
ISIC_0833682,0
ISIC_0833889,1
ISIC_0834335,0
ISIC_0834704,0
ISIC_0834745,0
ISIC_0834775,0
ISIC_0835067,0
ISIC_0835578,0
ISIC_0835700,0
ISIC_0835985,0
ISIC_0836257,0
ISIC_0836546,0
ISIC_0836727,0
ISIC_0836854,0
ISIC_0837618,0
ISIC_0837789,0
ISIC_0837796,0
ISIC_0839323,0
ISIC_0839367,0
ISIC_0839675,0
ISIC_0840255,0
ISIC_0840295,0
ISIC_0840730,0
ISIC_0841234,0
ISIC_0841327,0
ISIC_0841762,0
ISIC_0842426,0
ISIC_0842848,0
ISIC_0842999,0
ISIC_0843662,0
ISIC_0844312,1
ISIC_0844341,0
ISIC_0844805,0
ISIC_0844854,0
ISIC_0845105,0
ISIC_0845275,0
ISIC_0845791,0
ISIC_0845897,0
ISIC_0846205,0
ISIC_0846338,0
ISIC_0846482,0
ISIC_0846837,0
ISIC_0846915,0
ISIC_0847420,0
ISIC_0847730,0
ISIC_0848126,0
ISIC_0849028,0
ISIC_0849256,0
ISIC_0849385,0
ISIC_0849702,0
ISIC_0850065,0
ISIC_0850099,0
ISIC_0850181,0
ISIC_0850253,0
ISIC_0850854,0
ISIC_0851556,0
ISIC_0852790,0
ISIC_0852852,0
ISIC_0852869,0
ISIC_0853121,0
ISIC_0853280,0
ISIC_0853325,0
ISIC_0853430,0
ISIC_0853576,0
ISIC_0853825,0
ISIC_0853884,0
ISIC_0854201,0
ISIC_0854335,0
ISIC_0854601,0
ISIC_0854727,0
ISIC_0855990,0
ISIC_0856633,0
ISIC_0856856,0
ISIC_0857924,0
ISIC_0857978,0
ISIC_0858513,0
ISIC_0859438,0
ISIC_0860318,0
ISIC_0860320,0
ISIC_0860384,0
ISIC_0860622,0
ISIC_0861066,0
ISIC_0861128,0
ISIC_0861322,0
ISIC_0862063,0
ISIC_0862183,0
ISIC_0862337,0
ISIC_0862745,1
ISIC_0862797,0
ISIC_0862930,0
ISIC_0863691,0
ISIC_0863989,0
ISIC_0864226,0
ISIC_0864527,0
ISIC_0865443,0
ISIC_0865521,0
ISIC_0865887,0
ISIC_0867090,0
ISIC_0867357,0
ISIC_0867503,0
ISIC_0867709,0
ISIC_0868636,0
ISIC_0868656,0
ISIC_0868876,0
ISIC_0869142,0
ISIC_0869231,0
ISIC_0869745,0
ISIC_0870696,0
ISIC_0870751,0
ISIC_0871035,0
ISIC_0871833,0
ISIC_0871853,0
ISIC_0872145,0
ISIC_0872350,0
ISIC_0872409,0
ISIC_0872420,0
ISIC_0872477,0
ISIC_0872821,0
ISIC_0872845,0
ISIC_0873044,0
ISIC_0873114,0
ISIC_0873358,0
ISIC_0873568,0
ISIC_0873571,0
ISIC_0873657,0
ISIC_0873923,0
ISIC_0874243,0
ISIC_0874261,0
ISIC_0875528,0
ISIC_0875971,0
ISIC_0876230,0
ISIC_0876506,0
ISIC_0876733,0
ISIC_0876992,0
ISIC_0877543,0
ISIC_0878122,0
ISIC_0878210,0
ISIC_0878530,0
ISIC_0878793,0
ISIC_0878910,0
ISIC_0879020,0
ISIC_0879097,0
ISIC_0879635,0
ISIC_0879962,0
ISIC_0880061,0
ISIC_0880095,0
ISIC_0880208,0
ISIC_0880312,0
ISIC_0880405,0
ISIC_0881520,0
ISIC_0881573,0
ISIC_0882617,0
ISIC_0882619,0
ISIC_0882687,0
ISIC_0882705,0
ISIC_0883408,0
ISIC_0883681,0
ISIC_0884000,0
ISIC_0884397,0
ISIC_0884463,0
ISIC_0884550,0
ISIC_0884576,0
ISIC_0885048,0
ISIC_0885166,0
ISIC_0885209,0
ISIC_0885785,0
ISIC_0885962,0
ISIC_0886205,0
ISIC_0886519,0
ISIC_0886700,0
ISIC_0886727,0
ISIC_0886805,0
ISIC_0886853,0
ISIC_0886878,0
ISIC_0886964,0
ISIC_0887224,0
ISIC_0887488,0
ISIC_0887530,0
ISIC_0887792,0
ISIC_0887871,0
ISIC_0888084,0
ISIC_0888799,0
ISIC_0889205,0
ISIC_0889483,0
ISIC_0889988,0
ISIC_0890364,0
ISIC_0890398,0
ISIC_0890639,0
ISIC_0891469,0
ISIC_0892089,0
ISIC_0892306,0
ISIC_0892453,0
ISIC_0892926,0
ISIC_0892980,0
ISIC_0893100,0
ISIC_0893160,0
ISIC_0893399,0
ISIC_0893996,0
ISIC_0894057,0
ISIC_0894136,0
ISIC_0894220,0
ISIC_0894381,0
ISIC_0894608,0
ISIC_0894785,0
ISIC_0895547,0
ISIC_0895906,0
ISIC_0896313,0
ISIC_0896635,0
ISIC_0897190,0
ISIC_0897248,0
ISIC_0897459,0
ISIC_0897526,0
ISIC_0897876,0
ISIC_0898454,0
ISIC_0898483,0
ISIC_0899891,0
ISIC_0899961,0
ISIC_0900210,0
ISIC_0900216,0
ISIC_0900349,0
ISIC_0900587,0
ISIC_0901012,0
ISIC_0901213,0
ISIC_0901403,0
ISIC_0901472,0
ISIC_0901864,0
ISIC_0902830,0
ISIC_0903020,0
ISIC_0903175,0
ISIC_0903330,0
ISIC_0903548,0
ISIC_0903595,0
ISIC_0903608,0
ISIC_0904214,0
ISIC_0904712,0
ISIC_0905000,0
ISIC_0905455,0
ISIC_0905652,0
ISIC_0906053,0
ISIC_0906076,0
ISIC_0906465,0
ISIC_0906613,0
ISIC_0906639,0
ISIC_0906999,0
ISIC_0907214,0
ISIC_0907518,0
ISIC_0908367,0
ISIC_0908431,0
ISIC_0908662,0
ISIC_0908770,0
ISIC_0909082,0
ISIC_0909206,0
ISIC_0909402,0
ISIC_0909808,0
ISIC_0911264,1
ISIC_0911363,0
ISIC_0911414,0
ISIC_0911448,0
ISIC_0911783,0
ISIC_0911989,0
ISIC_0912033,0
ISIC_0912196,0
ISIC_0912291,0
ISIC_0912649,0
ISIC_0913027,0
ISIC_0913811,0
ISIC_0914038,0
ISIC_0914168,1
ISIC_0914251,0
ISIC_0914537,0
ISIC_0914700,0
ISIC_0914812,0
ISIC_0914920,0
ISIC_0914968,0
ISIC_0915216,0
ISIC_0915311,0
ISIC_0915342,0
ISIC_0915750,0
ISIC_0917117,0
ISIC_0917416,0
ISIC_0918078,0
ISIC_0918831,0
ISIC_0919089,0
ISIC_0919271,0
ISIC_0919351,0
ISIC_0919396,0
ISIC_0919467,0
ISIC_0919903,0
ISIC_0920000,0
ISIC_0920064,0
ISIC_0920968,0
ISIC_0922251,0
ISIC_0922292,0
ISIC_0922552,0
ISIC_0923157,0
ISIC_0924146,0
ISIC_0924215,0
ISIC_0924302,0
ISIC_0924427,1
ISIC_0924701,0
ISIC_0924724,0
ISIC_0924902,0
ISIC_0925139,0
ISIC_0925174,0
ISIC_0925310,0
ISIC_0925531,0
ISIC_0925758,0
ISIC_0926306,0
ISIC_0926571,0
ISIC_0926728,0
ISIC_0927057,0
ISIC_0927719,0
ISIC_0927854,0
ISIC_0927960,0
ISIC_0928025,0
ISIC_0928087,0
ISIC_0928264,0
ISIC_0928581,0
ISIC_0928604,0
ISIC_0928633,0
ISIC_0928982,0
ISIC_0929483,0
ISIC_0929517,0
ISIC_0930135,0
ISIC_0930417,0
ISIC_0930924,0
ISIC_0930944,0
ISIC_0930980,0
ISIC_0931218,0
ISIC_0931454,0
ISIC_0931725,0
ISIC_0932428,0
ISIC_0932862,0
ISIC_0933075,0
ISIC_0933647,0
ISIC_0933689,0
ISIC_0933821,0
ISIC_0934204,0
ISIC_0934223,0
ISIC_0934367,0
ISIC_0934368,0
ISIC_0935859,0
ISIC_0936865,0
ISIC_0937257,0
ISIC_0937261,0
ISIC_0937346,0
ISIC_0937378,0
ISIC_0938463,0
ISIC_0938864,0
ISIC_0938927,0
ISIC_0939062,0
ISIC_0939558,0
ISIC_0939642,0
ISIC_0939648,0
ISIC_0940070,0
ISIC_0940385,0
ISIC_0940521,0
ISIC_0940561,0
ISIC_0941085,0
ISIC_0941302,0
ISIC_0941332,0
ISIC_0941527,0
ISIC_0941656,0
ISIC_0941700,0
ISIC_0942056,0
ISIC_0942654,0
ISIC_0943089,0
ISIC_0943299,0
ISIC_0943717,0
ISIC_0944103,0
ISIC_0944273,0
ISIC_0944753,0
ISIC_0944828,0
ISIC_0945332,0
ISIC_0945844,0
ISIC_0946485,0
ISIC_0946696,0
ISIC_0946777,0
ISIC_0946787,1
ISIC_0946923,0
ISIC_0946977,0
ISIC_0947409,0
ISIC_0947467,0
ISIC_0947525,0
ISIC_0947634,0
ISIC_0948152,0
ISIC_0948240,0
ISIC_0949164,0
ISIC_0950828,0
ISIC_0951377,0
ISIC_0951438,0
ISIC_0951519,0
ISIC_0951557,0
ISIC_0951791,0
ISIC_0951915,0
ISIC_0952098,0
ISIC_0952221,0
ISIC_0952472,1
ISIC_0952665,0
ISIC_0953094,0
ISIC_0953133,0
ISIC_0953317,1
ISIC_0953500,0
ISIC_0953675,0
ISIC_0953709,0
ISIC_0954236,0
ISIC_0954462,0
ISIC_0954522,0
ISIC_0954841,0
ISIC_0955786,0
ISIC_0955945,0
ISIC_0956237,0
ISIC_0956348,0
ISIC_0956407,0
ISIC_0956523,0
ISIC_0956562,0
ISIC_0956720,0
ISIC_0956818,0
ISIC_0956923,0
ISIC_0957034,0
ISIC_0957641,0
ISIC_0958328,0
ISIC_0958701,0
ISIC_0959085,0
ISIC_0959160,0
ISIC_0959562,0
ISIC_0959735,0
ISIC_0959863,0
ISIC_0960088,0
ISIC_0960741,0
ISIC_0961055,0
ISIC_0961235,1
ISIC_0961888,0
ISIC_0962321,0
ISIC_0962601,0
ISIC_0962787,0
ISIC_0963117,0
ISIC_0963211,0
ISIC_0963460,0
ISIC_0963531,0
ISIC_0963536,0
ISIC_0964270,0
ISIC_0964827,0
ISIC_0965224,0
ISIC_0965382,0
ISIC_0965652,0
ISIC_0965885,0
ISIC_0966066,0
ISIC_0966527,0
ISIC_0966987,0
ISIC_0967540,0
ISIC_0967746,0
ISIC_0969139,0
ISIC_0969170,0
ISIC_0969178,0
ISIC_0969561,0
ISIC_0970069,0
ISIC_0970616,0
ISIC_0971027,0
ISIC_0971518,0
ISIC_0973194,0
ISIC_0973856,0
ISIC_0974159,0
ISIC_0974233,0
ISIC_0974293,0
ISIC_0974833,0
ISIC_0975117,0
ISIC_0975393,0
ISIC_0975874,0
ISIC_0976232,0
ISIC_0976659,0
ISIC_0977333,0
ISIC_0977596,0
ISIC_0977861,0
ISIC_0978194,0
ISIC_0978259,0
ISIC_0978386,0
ISIC_0978548,0
ISIC_0978977,0
ISIC_0979454,0
ISIC_0979974,0
ISIC_0980012,0
ISIC_0980513,0
ISIC_0981462,0
ISIC_0981639,1
ISIC_0981657,0
ISIC_0981661,0
ISIC_0981775,0
ISIC_0981883,0
ISIC_0982046,0
ISIC_0982543,0
ISIC_0982757,0
ISIC_0982855,0
ISIC_0982984,0
ISIC_0983294,0
ISIC_0983360,0
ISIC_0983447,0
ISIC_0983569,0
ISIC_0984151,0
ISIC_0984825,0
ISIC_0984972,0
ISIC_0985052,0
ISIC_0985269,0
ISIC_0985298,0
ISIC_0985395,0
ISIC_0985863,0
ISIC_0985874,0
ISIC_0986600,1
ISIC_0986702,0
ISIC_0986890,0
ISIC_0986955,0
ISIC_0987042,0
ISIC_0987176,0
ISIC_0987360,0
ISIC_0987523,0
ISIC_0987727,0
ISIC_0987749,0
ISIC_0987757,0
ISIC_0987830,0
ISIC_0988623,0
ISIC_0988665,0
ISIC_0988712,0
ISIC_0988766,0
ISIC_0988860,0
ISIC_0990073,0
ISIC_0990403,0
ISIC_0990942,0
ISIC_0991133,0
ISIC_0991332,0
ISIC_0991731,0
ISIC_0993929,0
ISIC_0994556,0
ISIC_0995161,0
ISIC_0995838,0
ISIC_0996465,0
ISIC_0996501,0
ISIC_0996566,0
ISIC_0998408,0
ISIC_0998639,0
ISIC_0998651,0
ISIC_0999592,0
ISIC_0999642,0
ISIC_1000328,0
ISIC_1000360,0
ISIC_1000399,0
ISIC_1000648,0
ISIC_1001320,0
ISIC_1001348,0
ISIC_1001477,0
ISIC_1001562,0
ISIC_1001731,0
ISIC_1002107,0
ISIC_1002473,0
ISIC_1002979,0
ISIC_1003459,0
ISIC_1003701,0
ISIC_1003703,0
ISIC_1004225,0
ISIC_1004265,0
ISIC_1004416,0
ISIC_1005038,0
ISIC_1005048,0
ISIC_1005544,0
ISIC_1005597,0
ISIC_1005683,0
ISIC_1005745,0
ISIC_1006632,0
ISIC_1006874,0
ISIC_1007014,0
ISIC_1007608,0
ISIC_1007838,0
ISIC_1008321,0
ISIC_1008609,0
ISIC_1009042,1
ISIC_1009273,0
ISIC_1009378,0
ISIC_1009958,0
ISIC_1010416,0
ISIC_1010525,0
ISIC_1010991,0
ISIC_1011089,0
ISIC_1011603,0
ISIC_1011754,0
ISIC_1012387,0
ISIC_1012570,0
ISIC_1013648,0
ISIC_1013796,0
ISIC_1013841,0
ISIC_1014075,0
ISIC_1014210,0
ISIC_1014701,0
ISIC_1014729,0
ISIC_1015191,0
ISIC_1015264,0
ISIC_1015644,0
ISIC_1016695,0
ISIC_1017015,0
ISIC_1017035,0
ISIC_1017159,0
ISIC_1017377,0
ISIC_1017622,0
ISIC_1017936,0
ISIC_1018048,0
ISIC_1018102,0
ISIC_1018265,0
ISIC_1019987,0
ISIC_1020208,0
ISIC_1020369,0
ISIC_1020405,0
ISIC_1020569,0
ISIC_1020608,0
ISIC_1020661,0
ISIC_1020809,0
ISIC_1020862,0
ISIC_1020968,0
ISIC_1020999,0
ISIC_1021110,0
ISIC_1021883,0
ISIC_1022263,0
ISIC_1022653,0
ISIC_1022958,0
ISIC_1023010,0
ISIC_1023339,0
ISIC_1023354,0
ISIC_1023676,0
ISIC_1023685,0
ISIC_1023741,0
ISIC_1023810,0
ISIC_1024269,0
ISIC_1024569,0
ISIC_1024677,0
ISIC_1025009,0
ISIC_1025192,0
ISIC_1025481,0
ISIC_1026239,0
ISIC_1026382,0
ISIC_1026757,0
ISIC_1026770,0
ISIC_1027512,0
ISIC_1027856,0
ISIC_1028550,0
ISIC_1029536,0
ISIC_1029550,0
ISIC_1029700,0
ISIC_1030453,0
ISIC_1030777,0
ISIC_1030920,0
ISIC_1031166,0
ISIC_1031178,0
ISIC_1031993,0
ISIC_1032034,0
ISIC_1032115,0
ISIC_1032630,0
ISIC_1032826,0
ISIC_1033336,0
ISIC_1033406,0
ISIC_1034126,0
ISIC_1034397,0
ISIC_1034411,0
ISIC_1034419,0
ISIC_1034492,0
ISIC_1035480,0
ISIC_1036491,0
ISIC_1037260,0
ISIC_1037315,1
ISIC_1037380,0
ISIC_1037860,0
ISIC_1037945,0
ISIC_1037947,0
ISIC_1039396,0
ISIC_1039431,0
ISIC_1039970,0
ISIC_1040340,0
ISIC_1040841,0
ISIC_1041406,0
ISIC_1041621,0
ISIC_1042111,0
ISIC_1042588,0
ISIC_1042960,0
ISIC_1043157,0
ISIC_1043219,0
ISIC_1043267,0
ISIC_1043313,0
ISIC_1043405,0
ISIC_1043817,0
ISIC_1044129,0
ISIC_1044290,0
ISIC_1044344,0
ISIC_1044438,0
ISIC_1044758,0
ISIC_1045084,0
ISIC_1045252,0
ISIC_1045706,0
ISIC_1046678,0
ISIC_1046786,0
ISIC_1048077,0
ISIC_1048741,0
ISIC_1048856,0
ISIC_1048895,0
ISIC_1048913,0
ISIC_1049664,0
ISIC_1050000,0
ISIC_1050158,0
ISIC_1050268,0
ISIC_1050386,0
ISIC_1050945,0
ISIC_1050950,0
ISIC_1051076,0
ISIC_1051208,0
ISIC_1051448,0
ISIC_1051595,0
ISIC_1051787,0
ISIC_1052148,0
ISIC_1052782,0
ISIC_1053021,0
ISIC_1053427,0
ISIC_1054090,0
ISIC_1054769,0
ISIC_1054883,0
ISIC_1056183,0
ISIC_1056788,0
ISIC_1056868,0
ISIC_1057521,0
ISIC_1057607,0
ISIC_1057817,0
ISIC_1058326,0
ISIC_1059054,0
ISIC_1059147,0
ISIC_1059525,0
ISIC_1060006,0
ISIC_1060161,0
ISIC_1060448,0
ISIC_1060932,0
ISIC_1061363,0
ISIC_1062359,0
ISIC_1063407,0
ISIC_1064163,0
ISIC_1064919,0
ISIC_1065110,0
ISIC_1065160,0
ISIC_1065699,0
ISIC_1066052,0
ISIC_1066801,0
ISIC_1066973,0
ISIC_1067251,0
ISIC_1067390,0
ISIC_1067806,0
ISIC_1067985,0
ISIC_1068489,0
ISIC_1068686,1
ISIC_1069587,0
ISIC_1069960,0
ISIC_1070631,0
ISIC_1070715,0
ISIC_1070864,0
ISIC_1070883,0
ISIC_1071355,1
ISIC_1071371,0
ISIC_1071458,0
ISIC_1071617,0
ISIC_1072321,0
ISIC_1072531,0
ISIC_1073233,0
ISIC_1073245,0
ISIC_1073350,0
ISIC_1073659,0
ISIC_1074482,0
ISIC_1074551,0
ISIC_1074629,0
ISIC_1074939,0
ISIC_1074985,0
ISIC_1075054,0
ISIC_1075126,0
ISIC_1075192,0
ISIC_1075231,0
ISIC_1075605,0
ISIC_1075654,0
ISIC_1075968,0
ISIC_1076091,0
ISIC_1076339,0
ISIC_1076474,0
ISIC_1076554,0
ISIC_1077375,0
ISIC_1077822,0
ISIC_1077911,0
ISIC_1078527,0
ISIC_1078563,0
ISIC_1078707,0
ISIC_1078823,0
ISIC_1078854,0
ISIC_1079069,0
ISIC_1079829,0
ISIC_1080640,0
ISIC_1080647,0
ISIC_1081051,0
ISIC_1081430,0
ISIC_1081510,0
ISIC_1081635,0
ISIC_1082020,0
ISIC_1082748,0
ISIC_1083365,0
ISIC_1083392,0
ISIC_1083466,0
ISIC_1083584,0
ISIC_1083668,0
ISIC_1083672,0
ISIC_1083681,0
ISIC_1084154,0
ISIC_1084298,0
ISIC_1084452,0
ISIC_1085285,0
ISIC_1085358,0
ISIC_1086387,0
ISIC_1086902,0
ISIC_1087367,0
ISIC_1087658,0
ISIC_1087705,0
ISIC_1087923,0
ISIC_1087924,0
ISIC_1088190,0
ISIC_1088705,0
ISIC_1089617,0
ISIC_1089746,0
ISIC_1090364,0
ISIC_1090562,0
ISIC_1090614,0
ISIC_1090983,0
ISIC_1091253,0
ISIC_1091280,0
ISIC_1091626,0
ISIC_1091902,0
ISIC_1092241,0
ISIC_1092323,0
ISIC_1092432,0
ISIC_1092604,0
ISIC_1092809,0
ISIC_1092935,0
ISIC_1093390,0
ISIC_1093647,0
ISIC_1093722,0
ISIC_1094526,0
ISIC_1094844,0
ISIC_1095325,0
ISIC_1096503,0
ISIC_1097249,0
ISIC_1098112,0
ISIC_1098361,0
ISIC_1100216,0
ISIC_1100665,0
ISIC_1101631,0
ISIC_1101667,0
ISIC_1101755,0
ISIC_1102075,0
ISIC_1102391,0
ISIC_1102766,0
ISIC_1102861,0
ISIC_1103365,0
ISIC_1103955,0
ISIC_1104171,0
ISIC_1104374,0
ISIC_1104594,0
ISIC_1104762,0
ISIC_1104953,0
ISIC_1105059,0
ISIC_1105133,0
ISIC_1105263,0
ISIC_1105772,0
ISIC_1106080,0
ISIC_1106211,0
ISIC_1106702,0
ISIC_1106851,0
ISIC_1106860,0
ISIC_1107381,0
ISIC_1107521,0
ISIC_1107538,0
ISIC_1107549,0
ISIC_1107820,0
ISIC_1107954,0
ISIC_1108178,0
ISIC_1108204,0
ISIC_1109485,0
ISIC_1109516,0
ISIC_1109641,0
ISIC_1109667,0
ISIC_1110383,0
ISIC_1110583,1
ISIC_1110691,0
ISIC_1110949,0
ISIC_1111050,0
ISIC_1111163,0
ISIC_1111173,0
ISIC_1111313,0
ISIC_1112205,0
ISIC_1112803,0
ISIC_1113265,0
ISIC_1113271,0
ISIC_1113490,1
ISIC_1113629,0
ISIC_1113686,0
ISIC_1114283,0
ISIC_1114312,0
ISIC_1114860,0
ISIC_1114966,0
ISIC_1115013,0
ISIC_1115160,0
ISIC_1115266,0
ISIC_1115695,0
ISIC_1116037,0
ISIC_1116483,1
ISIC_1116949,0
ISIC_1117214,0
ISIC_1117369,0
ISIC_1117976,0
ISIC_1117996,0
ISIC_1118147,0
ISIC_1118894,0
ISIC_1119066,0
ISIC_1119559,0
ISIC_1120241,0
ISIC_1120654,0
ISIC_1121740,0
ISIC_1121883,0
ISIC_1121984,0
ISIC_1122023,0
ISIC_1122524,0
ISIC_1122727,0
ISIC_1122796,0
ISIC_1123231,0
ISIC_1123509,0
ISIC_1124434,1
ISIC_1124566,0
ISIC_1124696,0
ISIC_1124744,0
ISIC_1125652,0
ISIC_1125852,0
ISIC_1126202,0
ISIC_1126306,0
ISIC_1127057,0
ISIC_1127430,0
ISIC_1127639,0
ISIC_1127653,0
ISIC_1128193,0
ISIC_1128317,0
ISIC_1128371,0
ISIC_1128846,0
ISIC_1128858,0
ISIC_1129508,0
ISIC_1129825,0
ISIC_1130669,0
ISIC_1130830,0
ISIC_1130888,0
ISIC_1130936,0
ISIC_1131588,0
ISIC_1131772,0
ISIC_1132496,1
ISIC_1132788,0
ISIC_1132966,0
ISIC_1133347,0
ISIC_1133501,0
ISIC_1133590,0
ISIC_1134319,0
ISIC_1134437,0
ISIC_1134882,0
ISIC_1135213,0
ISIC_1135340,0
ISIC_1135485,0
ISIC_1135977,0
ISIC_1136589,0
ISIC_1136870,0
ISIC_1136902,0
ISIC_1137043,0
ISIC_1137178,0
ISIC_1137455,0
ISIC_1137915,0
ISIC_1138232,0
ISIC_1138868,0
ISIC_1138872,0
ISIC_1138880,0
ISIC_1139248,0
ISIC_1140182,0
ISIC_1140410,0
ISIC_1140610,0
ISIC_1140717,0
ISIC_1141622,0
ISIC_1141666,0
ISIC_1142158,0
ISIC_1142764,0
ISIC_1142933,0
ISIC_1142962,0
ISIC_1143268,0
ISIC_1143655,0
ISIC_1144024,0
ISIC_1144286,0
ISIC_1144466,0
ISIC_1144769,0
ISIC_1145290,0
ISIC_1145442,0
ISIC_1145562,0
ISIC_1145706,0
ISIC_1145799,0
ISIC_1145963,0
ISIC_1146341,0
ISIC_1147442,0
ISIC_1147681,0
ISIC_1147733,0
ISIC_1147795,0
ISIC_1147965,0
ISIC_1148874,0
ISIC_1148932,0
ISIC_1149061,0
ISIC_1149469,0
ISIC_1149693,0
ISIC_1150399,0
ISIC_1150482,0
ISIC_1151269,0
ISIC_1151651,0
ISIC_1151910,0
ISIC_1151929,0
ISIC_1152051,0
ISIC_1152559,0
ISIC_1152648,0
ISIC_1152737,0
ISIC_1153069,0
ISIC_1153106,0
ISIC_1153335,0
ISIC_1153940,0
ISIC_1154064,0
ISIC_1154072,0
ISIC_1154109,0
ISIC_1154756,0
ISIC_1155407,0
ISIC_1155483,0
ISIC_1155612,0
ISIC_1155782,0
ISIC_1156157,0
ISIC_1156392,0
ISIC_1157007,0
ISIC_1157032,1
ISIC_1157099,0
ISIC_1157790,0
ISIC_1157850,0
ISIC_1158065,0
ISIC_1158466,0
ISIC_1158816,0
ISIC_1159177,0
ISIC_1159773,0
ISIC_1159891,1
ISIC_1160040,0
ISIC_1160733,0
ISIC_1160953,0
ISIC_1161054,0
ISIC_1161171,0
ISIC_1161247,0
ISIC_1161370,0
ISIC_1161490,0
ISIC_1161591,0
ISIC_1161650,0
ISIC_1161936,0
ISIC_1162156,0
ISIC_1162288,0
ISIC_1162337,1
ISIC_1162576,0
ISIC_1163139,0
ISIC_1163224,0
ISIC_1163258,0
ISIC_1163426,0
ISIC_1163624,0
ISIC_1164283,0
ISIC_1164360,0
ISIC_1164529,0
ISIC_1164612,0
ISIC_1164824,0
ISIC_1164890,0
ISIC_1165497,0
ISIC_1165548,0
ISIC_1165669,0
ISIC_1166337,0
ISIC_1166446,0
ISIC_1166491,0
ISIC_1166522,0
ISIC_1166678,0
ISIC_1166920,0
ISIC_1167108,0
ISIC_1167258,0
ISIC_1168311,0
ISIC_1168355,0
ISIC_1169095,0
ISIC_1169724,0
ISIC_1170029,0
ISIC_1170134,0
ISIC_1170910,0
ISIC_1170961,0
ISIC_1171426,0
ISIC_1171646,0
ISIC_1171655,0
ISIC_1171704,0
ISIC_1172768,0
ISIC_1172804,0
ISIC_1172855,0
ISIC_1172952,0
ISIC_1172955,0
ISIC_1173350,0
ISIC_1173776,0
ISIC_1173962,0
ISIC_1174017,0
ISIC_1174039,0
ISIC_1174073,0
ISIC_1175170,0
ISIC_1175215,0
ISIC_1175291,0
ISIC_1175776,0
ISIC_1176099,0
ISIC_1176231,0
ISIC_1176575,0
ISIC_1176970,0
ISIC_1176987,0
ISIC_1177153,1
ISIC_1177505,1
ISIC_1178018,0
ISIC_1178227,0
ISIC_1178367,0
ISIC_1178461,0
ISIC_1178491,0
ISIC_1178518,0
ISIC_1178847,0
ISIC_1179160,0
ISIC_1179209,0
ISIC_1180286,0
ISIC_1180551,0
ISIC_1181483,0
ISIC_1181626,0
ISIC_1181853,0
ISIC_1182470,0
ISIC_1182612,0
ISIC_1182624,0
ISIC_1183565,0
ISIC_1184373,0
ISIC_1185006,0
ISIC_1185128,0
ISIC_1185134,0
ISIC_1185468,0
ISIC_1185497,0
ISIC_1185853,0
ISIC_1185894,0
ISIC_1185906,0
ISIC_1186077,0
ISIC_1186495,0
ISIC_1186655,0
ISIC_1187477,0
ISIC_1187983,0
ISIC_1188141,0
ISIC_1188525,0
ISIC_1189461,0
ISIC_1189627,0
ISIC_1189712,0
ISIC_1189827,0
ISIC_1190567,0
ISIC_1190827,0
ISIC_1190994,0
ISIC_1191367,0
ISIC_1192253,0
ISIC_1192835,0
ISIC_1192917,0
ISIC_1192974,0
ISIC_1193108,0
ISIC_1193513,0
ISIC_1194127,0
ISIC_1194836,0
ISIC_1194944,0
ISIC_1195254,0
ISIC_1195354,0
ISIC_1195563,0
ISIC_1195689,0
ISIC_1195961,0
ISIC_1196284,0
ISIC_1196326,0
ISIC_1196376,0
ISIC_1196660,0
ISIC_1196752,0
ISIC_1196936,0
ISIC_1197080,0
ISIC_1197584,0
ISIC_1197692,0
ISIC_1197737,0
ISIC_1197816,0
ISIC_1197876,0
ISIC_1198047,0
ISIC_1198405,0
ISIC_1198422,0
ISIC_1198561,0
ISIC_1198929,0
ISIC_1199236,0
ISIC_1199706,0
ISIC_1199843,0
ISIC_1199920,0
ISIC_1200075,0
ISIC_1200192,1
ISIC_1200689,0
ISIC_1200790,0
ISIC_1200819,0
ISIC_1200846,0
ISIC_1201523,0
ISIC_1201857,0
ISIC_1201873,0
ISIC_1202355,0
ISIC_1202561,0
ISIC_1202785,0
ISIC_1202976,0
ISIC_1203017,0
ISIC_1203254,0
ISIC_1203434,0
ISIC_1203596,0
ISIC_1203983,0
ISIC_1204284,0
ISIC_1204286,0
ISIC_1204619,0
ISIC_1204729,0
ISIC_1205438,0
ISIC_1205826,0
ISIC_1206021,0
ISIC_1206384,0
ISIC_1206571,0
ISIC_1206585,0
ISIC_1207371,0
ISIC_1207387,0
ISIC_1207456,0
ISIC_1207652,0
ISIC_1207789,0
ISIC_1207811,0
ISIC_1208705,0
ISIC_1208737,0
ISIC_1209365,0
ISIC_1209492,0
ISIC_1209726,0
ISIC_1210011,1
ISIC_1210338,0
ISIC_1210565,0
ISIC_1210620,0
ISIC_1210893,0
ISIC_1211024,0
ISIC_1211506,0
ISIC_1212555,0
ISIC_1212587,0
ISIC_1213303,0
ISIC_1213493,0
ISIC_1215482,0
ISIC_1215640,0
ISIC_1216139,0
ISIC_1216201,0
ISIC_1216381,0
ISIC_1216698,0
ISIC_1216822,0
ISIC_1217314,0
ISIC_1217717,0
ISIC_1218358,0
ISIC_1218931,0
ISIC_1219154,0
ISIC_1219427,0
ISIC_1219783,0
ISIC_1219894,0
ISIC_1220029,0
ISIC_1220154,0
ISIC_1221361,0
ISIC_1221691,0
ISIC_1222640,0
ISIC_1222771,0
ISIC_1222905,0
ISIC_1223648,0
ISIC_1223849,0
ISIC_1223998,0
ISIC_1224295,0
ISIC_1224329,0
ISIC_1224650,0
ISIC_1225078,0
ISIC_1225369,0
ISIC_1225412,0
ISIC_1225511,0
ISIC_1226440,0
ISIC_1226868,0
ISIC_1226882,0
ISIC_1227931,0
ISIC_1228005,0
ISIC_1228845,0
ISIC_1228909,0
ISIC_1228927,0
ISIC_1229366,0
ISIC_1229548,0
ISIC_1229835,0
ISIC_1229954,0
ISIC_1230738,0
ISIC_1230862,0
ISIC_1231419,1
ISIC_1231722,0
ISIC_1232371,0
ISIC_1232778,0
ISIC_1233016,0
ISIC_1233068,0
ISIC_1233104,0
ISIC_1233389,0
ISIC_1233830,0
ISIC_1234240,0
ISIC_1234254,0
ISIC_1234310,0
ISIC_1234463,0
ISIC_1234618,0
ISIC_1235053,0
ISIC_1235335,0
ISIC_1235597,0
ISIC_1235777,0
ISIC_1236107,0
ISIC_1236761,0
ISIC_1237232,0
ISIC_1237266,0
ISIC_1237271,0
ISIC_1237500,0
ISIC_1238146,0
ISIC_1239088,0
ISIC_1239373,0
ISIC_1239785,0
ISIC_1240189,0
ISIC_1240485,0
ISIC_1241304,0
ISIC_1241645,0
ISIC_1241680,0
ISIC_1241817,1
ISIC_1241918,0
ISIC_1242176,0
ISIC_1242543,0
ISIC_1242852,0
ISIC_1242992,0
ISIC_1243184,0
ISIC_1243346,0
ISIC_1243938,0
ISIC_1244831,0
ISIC_1245414,0
ISIC_1245630,0
ISIC_1246016,0
ISIC_1246184,0
ISIC_1246334,0
ISIC_1246630,0
ISIC_1246666,0
ISIC_1247037,0
ISIC_1247254,0
ISIC_1247284,0
ISIC_1247683,1
ISIC_1247773,0
ISIC_1247979,0
ISIC_1248073,0
ISIC_1248275,0
ISIC_1248372,0
ISIC_1248740,0
ISIC_1248876,0
ISIC_1249358,0
ISIC_1249539,0
ISIC_1249665,0
ISIC_1249702,0
ISIC_1249969,0
ISIC_1250266,0
ISIC_1250318,0
ISIC_1250680,0
ISIC_1250770,0
ISIC_1250861,0
ISIC_1251020,0
ISIC_1251364,0
ISIC_1251639,0
ISIC_1251721,0
ISIC_1251811,0
ISIC_1252029,0
ISIC_1252797,0
ISIC_1252871,0
ISIC_1252944,0
ISIC_1253009,0
ISIC_1253150,0
ISIC_1253227,0
ISIC_1253292,0
ISIC_1253435,0
ISIC_1253960,0
ISIC_1254526,0
ISIC_1255210,0
ISIC_1255336,1
ISIC_1255440,0
ISIC_1255700,0
ISIC_1256143,0
ISIC_1257045,0
ISIC_1257540,0
ISIC_1257854,0
ISIC_1258127,0
ISIC_1258271,0
ISIC_1258362,0
ISIC_1258435,0
ISIC_1258756,0
ISIC_1258763,0
ISIC_1258986,0
ISIC_1259014,0
ISIC_1259091,0
ISIC_1259230,0
ISIC_1259465,0
ISIC_1259537,0
ISIC_1259590,0
ISIC_1259851,0
ISIC_1260198,0
ISIC_1260515,0
ISIC_1260545,0
ISIC_1261315,0
ISIC_1261530,0
ISIC_1261939,0
ISIC_1262252,0
ISIC_1262966,0
ISIC_1263378,0
ISIC_1263585,0
ISIC_1264576,0
ISIC_1264722,0
ISIC_1264725,0
ISIC_1264914,0
ISIC_1264950,0
ISIC_1264993,0
ISIC_1265230,0
ISIC_1265381,0
ISIC_1265382,0
ISIC_1265427,0
ISIC_1265609,0
ISIC_1265653,0
ISIC_1265755,0
ISIC_1266424,0
ISIC_1266447,0
ISIC_1266695,0
ISIC_1266707,0
ISIC_1267108,0
ISIC_1267793,0
ISIC_1268027,0
ISIC_1269048,0
ISIC_1269461,0
ISIC_1269601,0
ISIC_1270091,0
ISIC_1270305,0
ISIC_1270307,0
ISIC_1270339,0
ISIC_1270351,0
ISIC_1271157,0
ISIC_1271286,0
ISIC_1271536,0
ISIC_1272071,0
ISIC_1272233,0
ISIC_1272768,0
ISIC_1272961,0
ISIC_1273077,0
ISIC_1273230,0
ISIC_1273353,0
ISIC_1274150,0
ISIC_1274220,0
ISIC_1274228,0
ISIC_1274550,0
ISIC_1274851,0
ISIC_1275188,0
ISIC_1275964,0
ISIC_1276037,0
ISIC_1276130,0
ISIC_1277620,0
ISIC_1277862,0
ISIC_1278629,0
ISIC_1278971,0
ISIC_1279650,0
ISIC_1280112,0
ISIC_1280780,0
ISIC_1281285,0
ISIC_1281431,0
ISIC_1281742,0
ISIC_1282063,0
ISIC_1282857,0
ISIC_1282922,0
ISIC_1283320,0
ISIC_1283518,0
ISIC_1283950,0
ISIC_1284089,0
ISIC_1284397,0
ISIC_1284496,0
ISIC_1285203,0
ISIC_1285870,0
ISIC_1285997,0
ISIC_1286298,0
ISIC_1286857,0
ISIC_1287050,0
ISIC_1287173,0
ISIC_1287370,0
ISIC_1287495,0
ISIC_1288751,0
ISIC_1288895,0
ISIC_1289608,0
ISIC_1289942,0
ISIC_1290184,0
ISIC_1290295,0
ISIC_1290366,0
ISIC_1290465,0
ISIC_1290677,0
ISIC_1290821,0
ISIC_1290920,0
ISIC_1292006,0
ISIC_1292165,0
ISIC_1292357,0
ISIC_1292607,0
ISIC_1292799,0
ISIC_1293199,0
ISIC_1293403,0
ISIC_1293501,0
ISIC_1293743,0
ISIC_1294049,0
ISIC_1294456,0
ISIC_1296073,0
ISIC_1296141,0
ISIC_1296490,0
ISIC_1296663,0
ISIC_1296817,0
ISIC_1297965,0
ISIC_1298092,0
ISIC_1298253,0
ISIC_1298356,0
ISIC_1299388,0
ISIC_1299998,0
ISIC_1300006,0
ISIC_1300318,0
ISIC_1300891,0
ISIC_1300967,0
ISIC_1301544,0
ISIC_1301591,0
ISIC_1302264,0
ISIC_1302281,0
ISIC_1302879,0
ISIC_1303205,0
ISIC_1303315,0
ISIC_1303825,0
ISIC_1303854,0
ISIC_1304077,0
ISIC_1304105,0
ISIC_1304291,0
ISIC_1304761,0
ISIC_1305180,0
ISIC_1305537,0
ISIC_1305924,0
ISIC_1306020,0
ISIC_1306050,0
ISIC_1306790,0
ISIC_1307045,0
ISIC_1307134,0
ISIC_1307396,0
ISIC_1307419,0
ISIC_1307651,0
ISIC_1307957,0
ISIC_1308081,0
ISIC_1308177,0
ISIC_1308649,0
ISIC_1308847,0
ISIC_1308938,0
ISIC_1309015,0
ISIC_1309130,0
ISIC_1310183,0
ISIC_1310639,0
ISIC_1311771,0
ISIC_1311781,0
ISIC_1312208,0
ISIC_1312827,0
ISIC_1313105,0
ISIC_1313659,0
ISIC_1313747,0
ISIC_1313882,0
ISIC_1314417,0
ISIC_1314474,0
ISIC_1314502,0
ISIC_1315068,0
ISIC_1315123,0
ISIC_1315424,0
ISIC_1316185,0
ISIC_1316518,0
ISIC_1317344,0
ISIC_1318018,0
ISIC_1318137,0
ISIC_1318493,0
ISIC_1318753,0
ISIC_1318781,0
ISIC_1319537,0
ISIC_1320600,0
ISIC_1320837,0
ISIC_1320957,0
ISIC_1321376,0
ISIC_1321427,0
ISIC_1322575,0
ISIC_1322621,0
ISIC_1323043,0
ISIC_1323048,0
ISIC_1323427,0
ISIC_1323471,0
ISIC_1323743,0
ISIC_1323775,0
ISIC_1323909,0
ISIC_1324208,0
ISIC_1324390,0
ISIC_1324618,0
ISIC_1324816,0
ISIC_1325342,0
ISIC_1325449,0
ISIC_1325727,0
ISIC_1326292,0
ISIC_1326295,0
ISIC_1326366,0
ISIC_1326483,0
ISIC_1326757,0
ISIC_1326906,0
ISIC_1327412,0
ISIC_1327515,0
ISIC_1328417,0
ISIC_1328488,0
ISIC_1328717,0
ISIC_1328804,0
ISIC_1328868,0
ISIC_1329146,0
ISIC_1329224,0
ISIC_1329932,0
ISIC_1330008,1
ISIC_1330242,0
ISIC_1330546,0
ISIC_1330763,0
ISIC_1331104,0
ISIC_1331112,0
ISIC_1331993,0
ISIC_1332281,0
ISIC_1332309,0
ISIC_1332597,0
ISIC_1332766,0
ISIC_1333049,0
ISIC_1333230,0
ISIC_1334006,0
ISIC_1334038,0
ISIC_1334110,0
ISIC_1334438,0
ISIC_1336250,0
ISIC_1336351,0
ISIC_1336519,0
ISIC_1336572,0
ISIC_1336705,0
ISIC_1336905,0
ISIC_1337144,0
ISIC_1337534,0
ISIC_1337726,0
ISIC_1338045,0
ISIC_1338055,0
ISIC_1338069,0
ISIC_1338882,0
ISIC_1338915,0
ISIC_1338975,0
ISIC_1338986,0
ISIC_1339720,0
ISIC_1340435,0
ISIC_1341068,0
ISIC_1341106,0
ISIC_1341272,0
ISIC_1341445,0
ISIC_1341586,0
ISIC_1342082,0
ISIC_1342117,0
ISIC_1342739,0
ISIC_1342801,0
ISIC_1342851,0
ISIC_1343433,0
ISIC_1343607,0
ISIC_1344155,0
ISIC_1344213,0
ISIC_1344537,0
ISIC_1344585,0
ISIC_1344757,0
ISIC_1345925,0
ISIC_1346209,0
ISIC_1346347,0
ISIC_1346562,0
ISIC_1346688,0
ISIC_1346695,0
ISIC_1347099,0
ISIC_1348050,0
ISIC_1348254,0
ISIC_1348538,0
ISIC_1348539,0
ISIC_1348843,0
ISIC_1349042,0
ISIC_1349213,0
ISIC_1349234,0
ISIC_1349353,0
ISIC_1349725,0
ISIC_1349890,0
ISIC_1350519,0
ISIC_1350659,0
ISIC_1350991,0
ISIC_1351048,0
ISIC_1351604,0
ISIC_1351682,0
ISIC_1351965,0
ISIC_1352190,0
ISIC_1352280,0
ISIC_1352631,0
ISIC_1352841,0
ISIC_1352911,0
ISIC_1353051,0
ISIC_1353094,0
ISIC_1353530,0
ISIC_1353532,0
ISIC_1353653,0
ISIC_1353668,0
ISIC_1353949,0
ISIC_1354862,0
ISIC_1355104,0
ISIC_1355214,0
ISIC_1355286,0
ISIC_1355494,0
ISIC_1355722,0
ISIC_1355890,0
ISIC_1355907,0
ISIC_1356715,1
ISIC_1356907,0
ISIC_1356945,0
ISIC_1357166,0
ISIC_1357175,0
ISIC_1357836,0
ISIC_1358147,0
ISIC_1358348,0
ISIC_1358441,0
ISIC_1358527,0
ISIC_1358757,0
ISIC_1359156,0
ISIC_1359296,0
ISIC_1359387,0
ISIC_1359533,0
ISIC_1360595,0
ISIC_1361124,0
ISIC_1361325,0
ISIC_1361355,0
ISIC_1361391,0
ISIC_1361799,0
ISIC_1361832,0
ISIC_1362234,0
ISIC_1362265,0
ISIC_1363047,0
ISIC_1363051,0
ISIC_1363299,0
ISIC_1363372,0
ISIC_1363718,0
ISIC_1363719,0
ISIC_1363787,0
ISIC_1364368,0
ISIC_1364848,0
ISIC_1364977,0
ISIC_1365061,0
ISIC_1365434,0
ISIC_1365628,0
ISIC_1366715,0
ISIC_1366765,0
ISIC_1366993,0
ISIC_1367080,0
ISIC_1367357,0
ISIC_1367387,0
ISIC_1367610,0
ISIC_1368217,0
ISIC_1368313,0
ISIC_1368336,0
ISIC_1368367,0
ISIC_1368549,0
ISIC_1369273,0
ISIC_1369310,0
ISIC_1369967,1
ISIC_1370034,0
ISIC_1370142,0
ISIC_1370277,0
ISIC_1371195,0
ISIC_1371223,0
ISIC_1372003,0
ISIC_1372318,0
ISIC_1373468,0
ISIC_1373540,0
ISIC_1373573,0
ISIC_1373747,0
ISIC_1373908,0
ISIC_1374795,0
ISIC_1375200,0
ISIC_1375476,1
ISIC_1376098,0
ISIC_1376528,0
ISIC_1376797,0
ISIC_1377133,0
ISIC_1377409,0
ISIC_1378570,0
ISIC_1378910,0
ISIC_1379405,0
ISIC_1379601,0
ISIC_1380069,0
ISIC_1382198,0
ISIC_1382220,0
ISIC_1382271,0
ISIC_1382677,0
ISIC_1382763,0
ISIC_1383347,0
ISIC_1383620,0
ISIC_1383664,0
ISIC_1383815,0
ISIC_1383822,0
ISIC_1384176,0
ISIC_1384331,0
ISIC_1384413,0
ISIC_1384527,0
ISIC_1384614,0
ISIC_1384932,0
ISIC_1385033,0
ISIC_1385122,0
ISIC_1385549,0
ISIC_1386612,0
ISIC_1386874,0
ISIC_1387456,0
ISIC_1387589,0
ISIC_1387722,0
ISIC_1388032,0
ISIC_1388230,0
ISIC_1388297,0
ISIC_1388552,1
ISIC_1388650,0
ISIC_1388822,0
ISIC_1388984,0
ISIC_1389141,0
ISIC_1389406,0
ISIC_1389438,0
ISIC_1389563,0
ISIC_1389620,0
ISIC_1390111,0
ISIC_1390222,0
ISIC_1390308,0
ISIC_1390784,0
ISIC_1390987,0
ISIC_1391191,0
ISIC_1391289,0
ISIC_1392139,0
ISIC_1392459,0
ISIC_1392702,0
ISIC_1392776,0
ISIC_1392808,0
ISIC_1393085,0
ISIC_1393528,0
ISIC_1393672,0
ISIC_1393771,1
ISIC_1393849,0
ISIC_1394013,0
ISIC_1394029,0
ISIC_1394746,0
ISIC_1394786,0
ISIC_1395443,0
ISIC_1395471,0
ISIC_1395664,0
ISIC_1396276,0
ISIC_1396306,0
ISIC_1396321,0
ISIC_1396510,0
ISIC_1396573,0
ISIC_1396767,0
ISIC_1396857,0
ISIC_1397669,0
ISIC_1398480,0
ISIC_1398485,0
ISIC_1398618,0
ISIC_1398625,0
ISIC_1398631,0
ISIC_1398930,0
ISIC_1399572,0
ISIC_1399694,0
ISIC_1399765,0
ISIC_1400235,0
ISIC_1400825,0
ISIC_1401045,0
ISIC_1401235,0
ISIC_1401396,0
ISIC_1401969,0
ISIC_1402009,0
ISIC_1402103,0
ISIC_1402148,0
ISIC_1402156,0
ISIC_1402407,0
ISIC_1402840,0
ISIC_1402884,0
ISIC_1403974,0
ISIC_1404148,0
ISIC_1404316,0
ISIC_1404472,0
ISIC_1404780,0
ISIC_1405391,0
ISIC_1405454,0
ISIC_1405602,0
ISIC_1406022,0
ISIC_1407205,0
ISIC_1408033,0
ISIC_1409677,0
ISIC_1410153,0
ISIC_1410344,0
ISIC_1410408,0
ISIC_1410481,0
ISIC_1410556,0
ISIC_1410927,0
ISIC_1411047,0
ISIC_1411366,0
ISIC_1411384,0
ISIC_1411567,0
ISIC_1412137,0
ISIC_1412350,0
ISIC_1412409,0
ISIC_1412620,0
ISIC_1412759,0
ISIC_1412843,1
ISIC_1412906,0
ISIC_1412976,0
ISIC_1413120,0
ISIC_1413242,0
ISIC_1413343,0
ISIC_1413366,0
ISIC_1413589,0
ISIC_1414224,0
ISIC_1414247,0
ISIC_1414751,0
ISIC_1414967,0
ISIC_1415237,0
ISIC_1416869,0
ISIC_1416995,0
ISIC_1417643,0
ISIC_1418166,0
ISIC_1418304,0
ISIC_1418391,0
ISIC_1418788,0
ISIC_1418941,0
ISIC_1419399,0
ISIC_1419510,0
ISIC_1419980,0
ISIC_1420201,0
ISIC_1420555,0
ISIC_1421074,0
ISIC_1421568,0
ISIC_1421644,0
ISIC_1422217,0
ISIC_1422429,0
ISIC_1422973,0
ISIC_1423497,0
ISIC_1424529,0
ISIC_1424655,0
ISIC_1425404,0
ISIC_1425958,0
ISIC_1425961,0
ISIC_1426279,0
ISIC_1426331,0
ISIC_1426781,0
ISIC_1426974,0
ISIC_1427744,0
ISIC_1428310,0
ISIC_1428473,0
ISIC_1428637,0
ISIC_1429159,0
ISIC_1429437,0
ISIC_1429439,0
ISIC_1429608,0
ISIC_1429954,0
ISIC_1431236,0
ISIC_1431332,0
ISIC_1431777,0
ISIC_1432058,0
ISIC_1432485,0
ISIC_1433669,0
ISIC_1433739,0
ISIC_1433921,0
ISIC_1434141,0
ISIC_1434244,0
ISIC_1434340,0
ISIC_1434362,0
ISIC_1435102,0
ISIC_1435455,0
ISIC_1435656,0
ISIC_1435944,0
ISIC_1435946,0
ISIC_1436124,0
ISIC_1436341,0
ISIC_1436572,0
ISIC_1436856,0
ISIC_1436929,0
ISIC_1437020,0
ISIC_1437529,0
ISIC_1437718,0
ISIC_1437817,0
ISIC_1437974,0
ISIC_1438269,0
ISIC_1438382,0
ISIC_1438584,0
ISIC_1438669,0
ISIC_1439681,0
ISIC_1440033,0
ISIC_1440063,0
ISIC_1440361,0
ISIC_1440377,0
ISIC_1440985,1
ISIC_1441211,0
ISIC_1441260,0
ISIC_1442157,0
ISIC_1442186,0
ISIC_1442601,0
ISIC_1443134,0
ISIC_1444154,0
ISIC_1444214,0
ISIC_1444573,0
ISIC_1444918,0
ISIC_1444924,0
ISIC_1445277,0
ISIC_1445790,0
ISIC_1445957,0
ISIC_1446344,0
ISIC_1447118,0
ISIC_1447330,0
ISIC_1447559,0
ISIC_1448526,0
ISIC_1448835,0
ISIC_1448992,0
ISIC_1449910,0
ISIC_1449915,0
ISIC_1450003,0
ISIC_1450186,0
ISIC_1450273,0
ISIC_1450315,0
ISIC_1450474,0
ISIC_1450548,0
ISIC_1450745,0
ISIC_1451092,0
ISIC_1451330,0
ISIC_1451530,0
ISIC_1452175,0
ISIC_1452259,0
ISIC_1452314,0
ISIC_1452412,0
ISIC_1452549,0
ISIC_1452626,0
ISIC_1453053,0
ISIC_1453101,0
ISIC_1453146,0
ISIC_1453526,0
ISIC_1453604,0
ISIC_1453671,0
ISIC_1453787,0
ISIC_1453899,0
ISIC_1454004,0
ISIC_1454176,0
ISIC_1454692,0
ISIC_1455332,0
ISIC_1455822,0
ISIC_1456390,0
ISIC_1456444,0
ISIC_1456623,0
ISIC_1456688,0
ISIC_1456827,0
ISIC_1457263,0
ISIC_1457687,0
ISIC_1458551,0
ISIC_1459086,0
ISIC_1459948,0
ISIC_1460088,0
ISIC_1460786,0
ISIC_1460932,1
ISIC_1461068,0
ISIC_1461419,0
ISIC_1461507,0
ISIC_1461940,0
ISIC_1462268,0
ISIC_1462872,0
ISIC_1462996,0
ISIC_1463406,0
ISIC_1463838,0
ISIC_1463850,0
ISIC_1463947,0
ISIC_1464217,0
ISIC_1464284,0
ISIC_1464309,0
ISIC_1464862,0
ISIC_1464939,0
ISIC_1465113,0
ISIC_1465841,0
ISIC_1465913,0
ISIC_1466047,0
ISIC_1466051,0
ISIC_1466584,0
ISIC_1467006,0
ISIC_1467083,0
ISIC_1467232,0
ISIC_1467289,0
ISIC_1467430,0
ISIC_1467552,0
ISIC_1467583,0
ISIC_1468122,0
ISIC_1468241,0
ISIC_1468354,0
ISIC_1469380,0
ISIC_1469636,0
ISIC_1469861,0
ISIC_1470245,0
ISIC_1470250,0
ISIC_1470271,0
ISIC_1470522,0
ISIC_1470642,0
ISIC_1470917,0
ISIC_1470934,0
ISIC_1471329,0
ISIC_1471394,0
ISIC_1471649,0
ISIC_1472637,0
ISIC_1472731,0
ISIC_1472777,0
ISIC_1472868,0
ISIC_1473139,0
ISIC_1473379,0
ISIC_1473511,0
ISIC_1473522,1
ISIC_1474461,1
ISIC_1474577,0
ISIC_1475463,0
ISIC_1475598,0
ISIC_1475867,0
ISIC_1476176,0
ISIC_1476281,0
ISIC_1476323,0
ISIC_1476361,0
ISIC_1477056,0
ISIC_1477057,0
ISIC_1477076,0
ISIC_1477534,0
ISIC_1477615,0
ISIC_1477664,0
ISIC_1477990,0
ISIC_1478794,0
ISIC_1479073,0
ISIC_1479183,0
ISIC_1479521,0
ISIC_1479592,0
ISIC_1479729,0
ISIC_1479822,0
ISIC_1479891,0
ISIC_1479949,0
ISIC_1480119,0
ISIC_1480787,0
ISIC_1481147,0
ISIC_1481473,0
ISIC_1481586,0
ISIC_1481965,0
ISIC_1482167,0
ISIC_1482346,0
ISIC_1482710,0
ISIC_1483503,0
ISIC_1483604,0
ISIC_1483952,0
ISIC_1484109,0
ISIC_1484525,0
ISIC_1484621,0
ISIC_1484659,1
ISIC_1484841,0
ISIC_1485132,0
ISIC_1485908,0
ISIC_1485969,0
ISIC_1486076,0
ISIC_1486154,0
ISIC_1486209,0
ISIC_1486589,0
ISIC_1487253,0
ISIC_1487443,0
ISIC_1487510,0
ISIC_1487601,0
ISIC_1487640,0
ISIC_1487670,0
ISIC_1487856,0
ISIC_1488047,0
ISIC_1488127,0
ISIC_1488569,0
ISIC_1488598,0
ISIC_1488722,0
ISIC_1488725,0
ISIC_1488727,0
ISIC_1489699,0
ISIC_1489934,0
ISIC_1490117,0
ISIC_1490161,0
ISIC_1490986,0
ISIC_1491993,0
ISIC_1492055,0
ISIC_1492455,0
ISIC_1492760,0
ISIC_1493051,0
ISIC_1493172,0
ISIC_1493235,0
ISIC_1493314,0
ISIC_1493565,0
ISIC_1494033,0
ISIC_1494688,0
ISIC_1495081,0
ISIC_1495182,0
ISIC_1495792,0
ISIC_1495793,0
ISIC_1496111,0
ISIC_1496194,0
ISIC_1496482,0
ISIC_1497049,0
ISIC_1497121,0
ISIC_1497180,0
ISIC_1497394,0
ISIC_1497525,0
ISIC_1497576,0
ISIC_1497800,0
ISIC_1497880,0
ISIC_1497992,0
ISIC_1499329,0
ISIC_1499915,0
ISIC_1500060,0
ISIC_1500139,0
ISIC_1500815,0
ISIC_1500843,0
ISIC_1501034,0
ISIC_1501465,0
ISIC_1501483,0
ISIC_1502140,0
ISIC_1502309,0
ISIC_1502442,0
ISIC_1502460,0
ISIC_1503020,0
ISIC_1503257,0
ISIC_1504257,0
ISIC_1504363,0
ISIC_1505069,0
ISIC_1505951,0
ISIC_1505989,0
ISIC_1506212,0
ISIC_1506285,0
ISIC_1506528,0
ISIC_1506601,0
ISIC_1506794,0
ISIC_1506912,0
ISIC_1506954,0
ISIC_1507010,0
ISIC_1507090,0
ISIC_1507333,0
ISIC_1507577,0
ISIC_1507583,0
ISIC_1508162,0
ISIC_1508215,0
ISIC_1508733,0
ISIC_1508810,0
ISIC_1509056,0
ISIC_1509246,0
ISIC_1509417,0
ISIC_1509635,0
ISIC_1509840,0
ISIC_1509976,0
ISIC_1510160,0
ISIC_1510207,0
ISIC_1510504,0
ISIC_1510902,0
ISIC_1510984,0
ISIC_1511109,0
ISIC_1511227,0
ISIC_1511536,0
ISIC_1511613,0
ISIC_1511661,0
ISIC_1511913,0
ISIC_1513596,0
ISIC_1513720,0
ISIC_1514098,0
ISIC_1514102,0
ISIC_1514117,0
ISIC_1514228,0
ISIC_1514364,0
ISIC_1514401,0
ISIC_1514642,0
ISIC_1514920,0
ISIC_1515363,0
ISIC_1515410,0
ISIC_1515413,0
ISIC_1515543,0
ISIC_1515947,0
ISIC_1517730,0
ISIC_1517999,0
ISIC_1518280,0
ISIC_1518461,0
ISIC_1518678,0
ISIC_1519000,0
ISIC_1519429,0
ISIC_1519645,0
ISIC_1519698,0
ISIC_1519891,0
ISIC_1520342,0
ISIC_1520897,0
ISIC_1521135,0
ISIC_1521226,0
ISIC_1521803,0
ISIC_1522266,0
ISIC_1522268,0
ISIC_1522625,0
ISIC_1523062,0
ISIC_1525284,0
ISIC_1526502,0
ISIC_1526547,0
ISIC_1526593,0
ISIC_1526608,0
ISIC_1527418,0
ISIC_1527888,0
ISIC_1528092,0
ISIC_1528643,0
ISIC_1528994,0
ISIC_1529534,0
ISIC_1530981,0
ISIC_1531048,0
ISIC_1531204,0
ISIC_1531548,0
ISIC_1531971,0
ISIC_1532403,0
ISIC_1532469,0
ISIC_1532684,0
ISIC_1532912,0
ISIC_1533305,0
ISIC_1533383,0
ISIC_1533630,0
ISIC_1534391,0
ISIC_1534609,0
ISIC_1534800,0
ISIC_1535233,0
ISIC_1535599,0
ISIC_1535915,0
ISIC_1536014,0
ISIC_1536126,0
ISIC_1536177,0
ISIC_1537141,0
ISIC_1537566,0
ISIC_1537638,0
ISIC_1537779,0
ISIC_1537939,0
ISIC_1537958,0
ISIC_1538414,0
ISIC_1538510,0
ISIC_1539069,0
ISIC_1539145,0
ISIC_1539769,0
ISIC_1540317,0
ISIC_1541028,0
ISIC_1541303,0
ISIC_1541348,0
ISIC_1541362,0
ISIC_1541659,0
ISIC_1541716,0
ISIC_1541817,0
ISIC_1542389,0
ISIC_1543544,0
ISIC_1543770,0
ISIC_1543772,0
ISIC_1543862,0
ISIC_1544093,0
ISIC_1544818,0
ISIC_1545213,0
ISIC_1545353,0
ISIC_1545489,0
ISIC_1545544,0
ISIC_1545675,0
ISIC_1545851,0
ISIC_1546020,0
ISIC_1546149,0
ISIC_1546399,0
ISIC_1546653,0
ISIC_1546811,0
ISIC_1546958,0
ISIC_1547311,0
ISIC_1548258,0
ISIC_1548329,0
ISIC_1548638,0
ISIC_1549005,0
ISIC_1549804,0
ISIC_1549857,0
ISIC_1550349,0
ISIC_1550427,0
ISIC_1550621,0
ISIC_1550721,0
ISIC_1550785,0
ISIC_1550915,0
ISIC_1551130,0
ISIC_1551323,0
ISIC_1552127,0
ISIC_1552232,0
ISIC_1552507,0
ISIC_1552570,0
ISIC_1553853,0
ISIC_1554131,0
ISIC_1554843,0
ISIC_1554893,0
ISIC_1554992,0
ISIC_1555147,0
ISIC_1556209,0
ISIC_1556765,0
ISIC_1556906,0
ISIC_1557225,0
ISIC_1557301,0
ISIC_1558639,0
ISIC_1558731,0
ISIC_1559267,0
ISIC_1559422,0
ISIC_1560026,0
ISIC_1560272,0
ISIC_1560455,0
ISIC_1560888,0
ISIC_1561068,0
ISIC_1561091,0
ISIC_1561177,0
ISIC_1561369,0
ISIC_1562512,0
ISIC_1562894,0
ISIC_1564127,0
ISIC_1564564,0
ISIC_1564741,0
ISIC_1565384,0
ISIC_1565567,0
ISIC_1565701,0
ISIC_1565767,0
ISIC_1565890,0
ISIC_1566101,0
ISIC_1566215,0
ISIC_1566312,0
ISIC_1566381,0
ISIC_1566428,1
ISIC_1566523,0
ISIC_1566931,0
ISIC_1567128,0
ISIC_1567219,0
ISIC_1567290,0
ISIC_1567686,0
ISIC_1567899,0
ISIC_1568268,0
ISIC_1568752,0
ISIC_1569119,1
ISIC_1569403,0
ISIC_1569524,0
ISIC_1569775,0
ISIC_1570390,0
ISIC_1570468,0
ISIC_1570580,0
ISIC_1570758,0
ISIC_1570838,0
ISIC_1570960,0
ISIC_1571442,0
ISIC_1571498,0
ISIC_1571860,0
ISIC_1572182,0
ISIC_1572957,0
ISIC_1573677,0
ISIC_1573905,0
ISIC_1573974,0
ISIC_1574020,0
ISIC_1574123,0
ISIC_1574374,0
ISIC_1574947,0
ISIC_1575034,0
ISIC_1575396,0
ISIC_1576437,0
ISIC_1576838,0
ISIC_1577472,0
ISIC_1577621,0
ISIC_1577876,0
ISIC_1578194,0
ISIC_1578203,0
ISIC_1578253,0
ISIC_1578391,0
ISIC_1578399,0
ISIC_1578507,0
ISIC_1578705,0
ISIC_1578811,0
ISIC_1578998,0
ISIC_1579116,0
ISIC_1579463,0
ISIC_1579497,0
ISIC_1579745,0
ISIC_1580022,0
ISIC_1580034,0
ISIC_1580068,0
ISIC_1580619,0
ISIC_1580767,0
ISIC_1581026,0
ISIC_1581376,0
ISIC_1582030,0
ISIC_1582195,0
ISIC_1582577,0
ISIC_1582969,0
ISIC_1583201,0
ISIC_1583439,0
ISIC_1583673,0
ISIC_1583715,0
ISIC_1584187,0
ISIC_1584206,0
ISIC_1584242,0
ISIC_1584535,0
ISIC_1584543,0
ISIC_1584693,0
ISIC_1584861,0
ISIC_1585370,0
ISIC_1585511,0
ISIC_1585604,0
ISIC_1585605,0
ISIC_1585919,0
ISIC_1587362,0
ISIC_1588022,0
ISIC_1588382,0
ISIC_1589136,0
ISIC_1589997,1
ISIC_1590725,0
ISIC_1590814,0
ISIC_1590829,0
ISIC_1590877,0
ISIC_1591010,0
ISIC_1591911,0
ISIC_1591931,0
ISIC_1592517,0
ISIC_1592715,0
ISIC_1592874,0
ISIC_1593175,0
ISIC_1593260,0
ISIC_1593431,0
ISIC_1593638,0
ISIC_1594110,0
ISIC_1594415,0
ISIC_1594422,0
ISIC_1594456,0
ISIC_1595103,0
ISIC_1595157,0
ISIC_1595325,0
ISIC_1595496,0
ISIC_1595658,0
ISIC_1595760,0
ISIC_1596297,0
ISIC_1596868,0
ISIC_1597414,0
ISIC_1597566,0
ISIC_1598039,0
ISIC_1598068,0
ISIC_1598478,0
ISIC_1599163,0
ISIC_1599679,0
ISIC_1600448,0
ISIC_1600554,0
ISIC_1600975,0
ISIC_1601244,0
ISIC_1601623,0
ISIC_1601764,0
ISIC_1601784,0
ISIC_1602348,0
ISIC_1602440,0
ISIC_1602466,0
ISIC_1602554,0
ISIC_1602561,0
ISIC_1603003,0
ISIC_1603038,0
ISIC_1603509,0
ISIC_1603834,0
ISIC_1604206,0
ISIC_1604307,0
ISIC_1604845,0
ISIC_1604935,0
ISIC_1605629,1
ISIC_1605937,0
ISIC_1605988,0
ISIC_1606398,0
ISIC_1606970,0
ISIC_1607824,0
ISIC_1607971,0
ISIC_1608013,0
ISIC_1608192,0
ISIC_1608524,0
ISIC_1608727,0
ISIC_1608772,0
ISIC_1610092,0
ISIC_1610104,0
ISIC_1610401,0
ISIC_1611092,0
ISIC_1611285,0
ISIC_1611503,0
ISIC_1611600,0
ISIC_1611703,0
ISIC_1612236,0
ISIC_1612350,0
ISIC_1612947,0
ISIC_1613289,0
ISIC_1613292,0
ISIC_1613328,0
ISIC_1614400,0
ISIC_1614712,0
ISIC_1614795,0
ISIC_1615215,0
ISIC_1615753,0
ISIC_1615996,0
ISIC_1616031,1
ISIC_1616451,0
ISIC_1616809,0
ISIC_1617139,0
ISIC_1617282,0
ISIC_1617520,0
ISIC_1617676,0
ISIC_1617888,0
ISIC_1617896,0
ISIC_1618302,0
ISIC_1618305,0
ISIC_1618730,0
ISIC_1618832,0
ISIC_1619011,0
ISIC_1619470,0
ISIC_1619640,0
ISIC_1619814,0
ISIC_1620401,1
ISIC_1620413,0
ISIC_1620801,0
ISIC_1620808,0
ISIC_1620841,0
ISIC_1621431,0
ISIC_1621479,0
ISIC_1621961,0
ISIC_1624520,0
ISIC_1624873,0
ISIC_1625064,0
ISIC_1625688,0
ISIC_1626033,0
ISIC_1626069,0
ISIC_1626359,0
ISIC_1626814,0
ISIC_1626834,0
ISIC_1626843,0
ISIC_1627019,0
ISIC_1627111,0
ISIC_1627241,0
ISIC_1627328,0
ISIC_1627427,0
ISIC_1627900,0
ISIC_1628425,0
ISIC_1628539,0
ISIC_1628853,0
ISIC_1629433,0
ISIC_1629539,0
ISIC_1630209,0
ISIC_1630301,1
ISIC_1630515,0
ISIC_1631050,0
ISIC_1631082,0
ISIC_1631125,0
ISIC_1631397,0
ISIC_1631440,0
ISIC_1631649,0
ISIC_1632009,0
ISIC_1632118,0
ISIC_1632313,0
ISIC_1632655,0
ISIC_1632696,0
ISIC_1632949,0
ISIC_1633078,0
ISIC_1633315,0
ISIC_1633379,0
ISIC_1633463,0
ISIC_1633816,0
ISIC_1634561,0
ISIC_1634619,0
ISIC_1635633,0
ISIC_1636177,0
ISIC_1636399,0
ISIC_1636849,0
ISIC_1636931,0
ISIC_1636996,0
ISIC_1637401,0
ISIC_1637536,0
ISIC_1637588,0
ISIC_1637671,0
ISIC_1637750,0
ISIC_1638230,0
ISIC_1638357,0
ISIC_1638436,0
ISIC_1638625,0
ISIC_1638953,0
ISIC_1639011,0
ISIC_1639343,0
ISIC_1639570,0
ISIC_1639605,0
ISIC_1639724,0
ISIC_1639765,0
ISIC_1640023,0
ISIC_1640113,0
ISIC_1640164,0
ISIC_1640392,0
ISIC_1640426,0
ISIC_1640614,0
ISIC_1640666,0
ISIC_1640823,0
ISIC_1641032,0
ISIC_1641226,0
ISIC_1641298,0
ISIC_1641301,0
ISIC_1641366,0
ISIC_1641476,0
ISIC_1641637,0
ISIC_1641823,0
ISIC_1641839,0
ISIC_1642090,0
ISIC_1642131,0
ISIC_1642421,0
ISIC_1642441,0
ISIC_1642492,0
ISIC_1642618,0
ISIC_1643439,0
ISIC_1643801,0
ISIC_1643932,0
ISIC_1643979,0
ISIC_1644520,0
ISIC_1644625,0
ISIC_1645535,0
ISIC_1645567,0
ISIC_1645587,0
ISIC_1645738,0
ISIC_1646084,0
ISIC_1646694,0
ISIC_1646813,0
ISIC_1646954,0
ISIC_1648233,0
ISIC_1648826,0
ISIC_1649410,0
ISIC_1650001,0
ISIC_1650127,0
ISIC_1650233,0
ISIC_1650523,0
ISIC_1651402,0
ISIC_1651723,0
ISIC_1652008,0
ISIC_1652015,0
ISIC_1652238,0
ISIC_1652568,0
ISIC_1652746,0
ISIC_1652897,0
ISIC_1653156,0
ISIC_1653283,0
ISIC_1653309,0
ISIC_1653366,0
ISIC_1654183,0
ISIC_1654318,0
ISIC_1654342,1
ISIC_1654357,0
ISIC_1655469,0
ISIC_1655475,0
ISIC_1655513,0
ISIC_1655590,0
ISIC_1655600,0
ISIC_1655662,0
ISIC_1655731,0
ISIC_1655931,0
ISIC_1656186,0
ISIC_1656255,0
ISIC_1656452,0
ISIC_1656510,0
ISIC_1656752,0
ISIC_1657007,0
ISIC_1657434,0
ISIC_1657475,0
ISIC_1658065,0
ISIC_1658623,0
ISIC_1658780,0
ISIC_1658978,0
ISIC_1659054,0
ISIC_1659261,0
ISIC_1659460,0
ISIC_1659656,0
ISIC_1659777,0
ISIC_1660143,0
ISIC_1660279,0
ISIC_1660316,0
ISIC_1660381,0
ISIC_1660495,0
ISIC_1660565,0
ISIC_1661324,0
ISIC_1661411,0
ISIC_1661837,0
ISIC_1662344,0
ISIC_1662872,0
ISIC_1663002,0
ISIC_1663144,0
ISIC_1664345,0
ISIC_1664381,0
ISIC_1664534,0
ISIC_1664845,0
ISIC_1665118,0
ISIC_1665153,0
ISIC_1665248,0
ISIC_1665254,0
ISIC_1665735,0
ISIC_1665944,0
ISIC_1666470,0
ISIC_1666516,0
ISIC_1666652,0
ISIC_1666715,0
ISIC_1666840,0
ISIC_1666976,0
ISIC_1667108,0
ISIC_1667579,0
ISIC_1667953,0
ISIC_1668077,0
ISIC_1668346,0
ISIC_1668698,0
ISIC_1668831,0
ISIC_1668944,0
ISIC_1669323,0
ISIC_1669486,0
ISIC_1669561,0
ISIC_1669804,0
ISIC_1669883,0
ISIC_1670106,0
ISIC_1670165,0
ISIC_1671258,0
ISIC_1671282,0
ISIC_1672458,0
ISIC_1672661,0
ISIC_1672688,0
ISIC_1672779,0
ISIC_1672821,0
ISIC_1674126,0
ISIC_1674580,0
ISIC_1674754,0
ISIC_1674776,0
ISIC_1674797,0
ISIC_1675800,0
ISIC_1675806,0
ISIC_1675814,0
ISIC_1675915,0
ISIC_1676261,0
ISIC_1676353,0
ISIC_1676689,0
ISIC_1676778,0
ISIC_1676826,0
ISIC_1676844,0
ISIC_1676939,0
ISIC_1677088,0
ISIC_1677092,0
ISIC_1678175,0
ISIC_1678872,0
ISIC_1680153,0
ISIC_1680502,0
ISIC_1680600,0
ISIC_1681627,0
ISIC_1681934,0
ISIC_1681964,0
ISIC_1682693,0
ISIC_1683052,0
ISIC_1684067,0
ISIC_1684107,0
ISIC_1684127,1
ISIC_1684266,0
ISIC_1684603,0
ISIC_1684829,0
ISIC_1684948,0
ISIC_1685257,0
ISIC_1685333,0
ISIC_1685653,0
ISIC_1685833,0
ISIC_1686113,0
ISIC_1686254,0
ISIC_1686556,0
ISIC_1687004,0
ISIC_1687278,0
ISIC_1687478,0
ISIC_1687584,0
ISIC_1688150,0
ISIC_1688160,0
ISIC_1688271,0
ISIC_1688301,0
ISIC_1688776,0
ISIC_1689309,0
ISIC_1689678,0
ISIC_1689686,0
ISIC_1690499,0
ISIC_1690665,0
ISIC_1690909,0
ISIC_1691050,0
ISIC_1691175,0
ISIC_1691387,0
ISIC_1691676,0
ISIC_1691732,0
ISIC_1691740,0
ISIC_1691901,0
ISIC_1692144,0
ISIC_1692206,0
ISIC_1692734,0
ISIC_1692939,0
ISIC_1693454,0
ISIC_1693458,0
ISIC_1693686,0
ISIC_1693912,0
ISIC_1694480,0
ISIC_1694996,0
ISIC_1695065,0
ISIC_1695158,0
ISIC_1695360,0
ISIC_1695424,0
ISIC_1695724,0
ISIC_1695805,0
ISIC_1696070,0
ISIC_1696516,0
ISIC_1696845,0
ISIC_1696862,0
ISIC_1697381,0
ISIC_1697847,0
ISIC_1698119,0
ISIC_1698228,0
ISIC_1698302,0
ISIC_1698805,0
ISIC_1698942,1
ISIC_1699154,0
ISIC_1699221,0
ISIC_1699530,0
ISIC_1700029,0
ISIC_1700051,0
ISIC_1700513,0
ISIC_1700687,0
ISIC_1700928,0
ISIC_1702152,0
ISIC_1703130,0
ISIC_1704026,0
ISIC_1706318,0
ISIC_1706912,1
ISIC_1706950,0
ISIC_1706973,0
ISIC_1707030,0
ISIC_1707324,0
ISIC_1707420,0
ISIC_1708068,0
ISIC_1708568,0
ISIC_1708681,0
ISIC_1709233,0
ISIC_1709377,0
ISIC_1709788,0
ISIC_1709900,0
ISIC_1710179,0
ISIC_1710970,0
ISIC_1711134,0
ISIC_1711185,0
ISIC_1711408,0
ISIC_1711643,0
ISIC_1711706,0
ISIC_1711973,0
ISIC_1712329,0
ISIC_1713413,0
ISIC_1714635,0
ISIC_1714905,0
ISIC_1714941,0
ISIC_1715007,0
ISIC_1715110,0
ISIC_1715277,0
ISIC_1715406,0
ISIC_1715821,0
ISIC_1716135,0
ISIC_1716193,0
ISIC_1716299,0
ISIC_1716626,0
ISIC_1718403,0
ISIC_1718418,0
ISIC_1718707,0
ISIC_1719236,0
ISIC_1719300,0
ISIC_1719433,0
ISIC_1719523,0
ISIC_1720411,0
ISIC_1720840,0
ISIC_1720856,0
ISIC_1722135,0
ISIC_1722254,0
ISIC_1722494,0
ISIC_1722909,0
ISIC_1723279,0
ISIC_1723904,0
ISIC_1724526,0
ISIC_1724802,0
ISIC_1725019,0
ISIC_1725541,0
ISIC_1725961,0
ISIC_1725997,0
ISIC_1726410,0
ISIC_1726444,0
ISIC_1727369,0
ISIC_1727499,0
ISIC_1727542,0
ISIC_1727562,0
ISIC_1727818,0
ISIC_1727826,0
ISIC_1728198,0
ISIC_1728564,1
ISIC_1728767,0
ISIC_1729039,0
ISIC_1729223,1
ISIC_1729351,0
ISIC_1729465,0
ISIC_1729949,0
ISIC_1730121,0
ISIC_1730202,0
ISIC_1730282,0
ISIC_1730477,0
ISIC_1730495,0
ISIC_1731109,0
ISIC_1731230,0
ISIC_1731411,0
ISIC_1731721,0
ISIC_1732527,0
ISIC_1732652,0
ISIC_1732761,0
ISIC_1732965,0
ISIC_1733108,0
ISIC_1733130,0
ISIC_1733239,0
ISIC_1733499,0
ISIC_1733714,0
ISIC_1733794,0
ISIC_1733995,0
ISIC_1734817,0
ISIC_1735204,0
ISIC_1735703,0
ISIC_1735950,0
ISIC_1736706,0
ISIC_1736735,0
ISIC_1736914,0
ISIC_1737247,0
ISIC_1737276,0
ISIC_1737600,0
ISIC_1738117,0
ISIC_1738296,0
ISIC_1738297,0
ISIC_1738348,0
ISIC_1738649,0
ISIC_1738738,0
ISIC_1739120,0
ISIC_1739659,0
ISIC_1739667,0
ISIC_1739742,0
ISIC_1739748,0
ISIC_1739800,0
ISIC_1740186,0
ISIC_1740379,0
ISIC_1740430,0
ISIC_1740912,0
ISIC_1740983,0
ISIC_1741219,0
ISIC_1741487,0
ISIC_1741747,0
ISIC_1743974,0
ISIC_1743989,0
ISIC_1744704,0
ISIC_1744817,0
ISIC_1744866,0
ISIC_1745182,0
ISIC_1745458,0
ISIC_1745477,0
ISIC_1745646,0
ISIC_1745731,0
ISIC_1745816,0
ISIC_1746070,0
ISIC_1746081,0
ISIC_1746597,0
ISIC_1746702,0
ISIC_1746717,0
ISIC_1746861,0
ISIC_1746873,0
ISIC_1746875,0
ISIC_1747417,0
ISIC_1747531,0
ISIC_1748718,0
ISIC_1748719,0
ISIC_1748818,0
ISIC_1748931,0
ISIC_1749857,0
ISIC_1750064,0
ISIC_1750235,0
ISIC_1750424,0
ISIC_1750621,0
ISIC_1750674,0
ISIC_1752228,0
ISIC_1752306,0
ISIC_1752589,0
ISIC_1752665,0
ISIC_1752943,1
ISIC_1753040,0
ISIC_1753360,0
ISIC_1753391,0
ISIC_1753877,0
ISIC_1754140,0
ISIC_1754491,0
ISIC_1755019,0
ISIC_1755832,0
ISIC_1756265,0
ISIC_1756631,0
ISIC_1756660,0
ISIC_1756982,0
ISIC_1757212,0
ISIC_1757941,0
ISIC_1758119,0
ISIC_1758149,0
ISIC_1758397,0
ISIC_1758558,0
ISIC_1759817,0
ISIC_1760981,0
ISIC_1761083,0
ISIC_1761138,0
ISIC_1761799,0
ISIC_1761878,0
ISIC_1762555,0
ISIC_1763161,0
ISIC_1763183,0
ISIC_1763257,0
ISIC_1763264,0
ISIC_1763556,0
ISIC_1763577,0
ISIC_1765453,0
ISIC_1766362,0
ISIC_1766413,0
ISIC_1766425,0
ISIC_1766601,0
ISIC_1766619,0
ISIC_1766774,0
ISIC_1767420,0
ISIC_1767633,0
ISIC_1767706,0
ISIC_1768051,0
ISIC_1768197,0
ISIC_1768217,0
ISIC_1768243,0
ISIC_1768325,0
ISIC_1768733,0
ISIC_1768978,0
ISIC_1769209,0
ISIC_1769724,0
ISIC_1770027,0
ISIC_1770995,0
ISIC_1771244,0
ISIC_1771684,0
ISIC_1771856,0
ISIC_1771944,0
ISIC_1772037,0
ISIC_1772523,0
ISIC_1772660,0
ISIC_1772759,0
ISIC_1772784,0
ISIC_1772828,0
ISIC_1774027,0
ISIC_1774715,0
ISIC_1774797,0
ISIC_1775683,0
ISIC_1777142,0
ISIC_1777292,0
ISIC_1777398,0
ISIC_1777710,0
ISIC_1777763,0
ISIC_1778400,0
ISIC_1778943,0
ISIC_1779061,0
ISIC_1779443,0
ISIC_1779595,0
ISIC_1779603,0
ISIC_1780417,0
ISIC_1780675,0
ISIC_1781273,0
ISIC_1781826,0
ISIC_1782545,0
ISIC_1782911,0
ISIC_1783021,0
ISIC_1783062,0
ISIC_1783727,0
ISIC_1783889,0
ISIC_1784255,0
ISIC_1784340,0
ISIC_1784613,0
ISIC_1784717,0
ISIC_1785095,0
ISIC_1785293,0
ISIC_1785314,0
ISIC_1785627,1
ISIC_1785671,0
ISIC_1785902,0
ISIC_1785976,0
ISIC_1786025,0
ISIC_1786309,0
ISIC_1786464,0
ISIC_1786906,0
ISIC_1787026,0
ISIC_1787444,0
ISIC_1787992,0
ISIC_1788314,0
ISIC_1788671,0
ISIC_1788746,0
ISIC_1788875,0
ISIC_1788979,0
ISIC_1789191,0
ISIC_1789408,0
ISIC_1790549,0
ISIC_1790808,0
ISIC_1790898,0
ISIC_1790960,0
ISIC_1791075,0
ISIC_1792109,0
ISIC_1792867,0
ISIC_1793200,0
ISIC_1793624,0
ISIC_1793821,0
ISIC_1793867,0
ISIC_1794022,0
ISIC_1794249,0
ISIC_1795004,0
ISIC_1795502,0
ISIC_1795529,0
ISIC_1795959,0
ISIC_1796223,0
ISIC_1796387,0
ISIC_1796649,0
ISIC_1796891,0
ISIC_1797104,0
ISIC_1797795,1
ISIC_1797927,0
ISIC_1798050,0
ISIC_1798322,0
ISIC_1798404,0
ISIC_1798423,0
ISIC_1798471,0
ISIC_1798800,0
ISIC_1799365,0
ISIC_1799484,0
ISIC_1799525,0
ISIC_1799849,0
ISIC_1799917,0
ISIC_1800066,0
ISIC_1800762,0
ISIC_1801190,0
ISIC_1801631,0
ISIC_1801687,0
ISIC_1801846,0
ISIC_1802502,0
ISIC_1802793,0
ISIC_1802797,0
ISIC_1803252,0
ISIC_1803544,0
ISIC_1804993,0
ISIC_1805163,0
ISIC_1805602,0
ISIC_1805921,0
ISIC_1806165,0
ISIC_1806179,0
ISIC_1806497,0
ISIC_1806761,0
ISIC_1807276,0
ISIC_1807307,0
ISIC_1807319,0
ISIC_1807379,0
ISIC_1807395,0
ISIC_1807638,0
ISIC_1807764,0
ISIC_1807812,0
ISIC_1808198,0
ISIC_1808804,0
ISIC_1809444,0
ISIC_1809508,0
ISIC_1809912,0
ISIC_1809930,0
ISIC_1810207,0
ISIC_1810790,0
ISIC_1811190,0
ISIC_1811256,0
ISIC_1811909,0
ISIC_1812252,0
ISIC_1812944,0
ISIC_1813164,0
ISIC_1813240,0
ISIC_1813445,0
ISIC_1813911,0
ISIC_1815136,0
ISIC_1815282,0
ISIC_1815346,0
ISIC_1815593,0
ISIC_1816026,0
ISIC_1817714,0
ISIC_1818071,0
ISIC_1818845,0
ISIC_1818920,0
ISIC_1819071,0
ISIC_1819177,0
ISIC_1819289,0
ISIC_1819358,0
ISIC_1819531,0
ISIC_1819763,0
ISIC_1820193,0
ISIC_1820389,0
ISIC_1821113,0
ISIC_1821482,0
ISIC_1821821,0
ISIC_1821825,0
ISIC_1823006,0
ISIC_1823608,0
ISIC_1824812,0
ISIC_1825131,0
ISIC_1825481,0
ISIC_1825673,0
ISIC_1826094,0
ISIC_1826225,0
ISIC_1826803,0
ISIC_1827859,0
ISIC_1828419,0
ISIC_1828549,0
ISIC_1828652,0
ISIC_1829378,0
ISIC_1829654,0
ISIC_1829721,0
ISIC_1830017,0
ISIC_1831304,0
ISIC_1831325,0
ISIC_1831600,0
ISIC_1832110,0
ISIC_1832582,0
ISIC_1832586,0
ISIC_1833122,0
ISIC_1833138,0
ISIC_1833259,0
ISIC_1833337,0
ISIC_1833947,0
ISIC_1834367,0
ISIC_1834416,0
ISIC_1834652,0
ISIC_1834920,1
ISIC_1835041,0
ISIC_1835426,0
ISIC_1835970,0
ISIC_1836352,0
ISIC_1836410,0
ISIC_1836661,0
ISIC_1836687,0
ISIC_1836914,0
ISIC_1836973,0
ISIC_1836985,0
ISIC_1837089,0
ISIC_1837402,0
ISIC_1837609,0
ISIC_1838216,0
ISIC_1838876,0
ISIC_1838888,0
ISIC_1838904,0
ISIC_1839929,0
ISIC_1840418,0
ISIC_1841164,0
ISIC_1841825,0
ISIC_1841919,0
ISIC_1841949,0
ISIC_1842021,0
ISIC_1842239,0
ISIC_1842503,0
ISIC_1843053,0
ISIC_1843259,0
ISIC_1843497,0
ISIC_1843876,0
ISIC_1844425,0
ISIC_1844585,0
ISIC_1844671,0
ISIC_1844824,0
ISIC_1845271,0
ISIC_1845331,0
ISIC_1845450,0
ISIC_1845580,0
ISIC_1845926,0
ISIC_1846179,0
ISIC_1846183,0
ISIC_1846341,0
ISIC_1846528,0
ISIC_1847200,0
ISIC_1847211,0
ISIC_1847285,0
ISIC_1847516,0
ISIC_1847556,0
ISIC_1847684,0
ISIC_1847974,0
ISIC_1848297,0
ISIC_1848300,0
ISIC_1849014,0
ISIC_1849151,0
ISIC_1849227,0
ISIC_1849442,0
ISIC_1850122,0
ISIC_1850196,0
ISIC_1850251,0
ISIC_1850388,0
ISIC_1850474,0
ISIC_1850483,0
ISIC_1850634,0
ISIC_1850790,0
ISIC_1850815,0
ISIC_1851112,0
ISIC_1851605,0
ISIC_1851709,0
ISIC_1851985,0
ISIC_1852015,0
ISIC_1852500,0
ISIC_1852883,0
ISIC_1852987,0
ISIC_1853067,0
ISIC_1853799,0
ISIC_1854129,0
ISIC_1854161,0
ISIC_1854320,0
ISIC_1854582,0
ISIC_1854603,0
ISIC_1855725,0
ISIC_1856556,0
ISIC_1857051,0
ISIC_1857406,0
ISIC_1857587,0
ISIC_1857989,0
ISIC_1858123,0
ISIC_1858175,0
ISIC_1858237,0
ISIC_1858805,0
ISIC_1858948,0
ISIC_1858989,0
ISIC_1859500,0
ISIC_1859522,0
ISIC_1859531,0
ISIC_1859641,0
ISIC_1859923,0
ISIC_1860049,0
ISIC_1860429,0
ISIC_1860548,0
ISIC_1860845,0
ISIC_1861580,0
ISIC_1861662,0
ISIC_1862087,0
ISIC_1862506,0
ISIC_1862691,0
ISIC_1862815,0
ISIC_1863917,0
ISIC_1864109,0
ISIC_1864210,0
ISIC_1864719,0
ISIC_1864858,0
ISIC_1865060,0
ISIC_1865170,0
ISIC_1865347,0
ISIC_1866662,0
ISIC_1866770,1
ISIC_1866859,0
ISIC_1867577,0
ISIC_1867635,0
ISIC_1867801,0
ISIC_1867838,0
ISIC_1867989,0
ISIC_1868315,0
ISIC_1868816,0
ISIC_1868991,0
ISIC_1869634,0
ISIC_1869829,0
ISIC_1869864,0
ISIC_1869958,0
ISIC_1870005,0
ISIC_1870184,0
ISIC_1870309,0
ISIC_1870377,0
ISIC_1870415,1
ISIC_1870517,0
ISIC_1871497,0
ISIC_1871890,0
ISIC_1872534,0
ISIC_1872823,0
ISIC_1873035,0
ISIC_1873063,0
ISIC_1873582,0
ISIC_1874377,0
ISIC_1874480,0
ISIC_1874969,0
ISIC_1875086,0
ISIC_1875729,0
ISIC_1875839,0
ISIC_1875989,0
ISIC_1876009,0
ISIC_1876409,0
ISIC_1876799,0
ISIC_1876943,0
ISIC_1877098,0
ISIC_1877216,0
ISIC_1877535,0
ISIC_1878082,0
ISIC_1878422,0
ISIC_1878443,0
ISIC_1878481,0
ISIC_1878972,0
ISIC_1879936,0
ISIC_1880253,0
ISIC_1880403,0
ISIC_1880540,0
ISIC_1880716,0
ISIC_1880757,0
ISIC_1881035,0
ISIC_1881133,1
ISIC_1881268,0
ISIC_1881546,0
ISIC_1882367,0
ISIC_1882699,0
ISIC_1883008,0
ISIC_1883160,0
ISIC_1883184,0
ISIC_1883330,0
ISIC_1883402,0
ISIC_1883892,0
ISIC_1884038,0
ISIC_1884191,0
ISIC_1884256,0
ISIC_1884425,0
ISIC_1884710,0
ISIC_1885136,0
ISIC_1885174,0
ISIC_1886413,0
ISIC_1886460,0
ISIC_1886480,0
ISIC_1886719,0
ISIC_1886756,0
ISIC_1887093,0
ISIC_1887282,0
ISIC_1887647,0
ISIC_1887768,0
ISIC_1888148,0
ISIC_1888185,0
ISIC_1888761,0
ISIC_1888865,0
ISIC_1888961,0
ISIC_1890263,0
ISIC_1890460,0
ISIC_1890558,0
ISIC_1890831,0
ISIC_1891091,0
ISIC_1891419,0
ISIC_1891515,0
ISIC_1891539,0
ISIC_1891677,0
ISIC_1892011,0
ISIC_1892350,0
ISIC_1892887,0
ISIC_1893232,0
ISIC_1894087,0
ISIC_1894133,0
ISIC_1894141,0
ISIC_1894324,0
ISIC_1894573,0
ISIC_1894639,0
ISIC_1894676,0
ISIC_1894741,0
ISIC_1894782,0
ISIC_1894918,0
ISIC_1896191,0
ISIC_1896306,0
ISIC_1896350,0
ISIC_1896364,0
ISIC_1896477,0
ISIC_1897312,0
ISIC_1897327,0
ISIC_1897507,0
ISIC_1897994,0
ISIC_1899198,0
ISIC_1899683,0
ISIC_1899936,0
ISIC_1900433,0
ISIC_1900558,0
ISIC_1900721,0
ISIC_1901204,0
ISIC_1901298,0
ISIC_1901615,0
ISIC_1901829,0
ISIC_1902401,0
ISIC_1902764,0
ISIC_1902847,0
ISIC_1903346,0
ISIC_1903698,0
ISIC_1903848,0
ISIC_1904002,0
ISIC_1904244,0
ISIC_1904481,0
ISIC_1904579,0
ISIC_1904980,0
ISIC_1905627,0
ISIC_1905855,0
ISIC_1906004,0
ISIC_1906141,0
ISIC_1906357,0
ISIC_1906729,0
ISIC_1907792,0
ISIC_1907829,0
ISIC_1907939,0
ISIC_1907984,0
ISIC_1908424,0
ISIC_1908781,0
ISIC_1908801,0
ISIC_1908893,0
ISIC_1909742,0
ISIC_1910158,0
ISIC_1910458,0
ISIC_1911193,0
ISIC_1911358,0
ISIC_1911390,0
ISIC_1911714,0
ISIC_1912184,0
ISIC_1912326,0
ISIC_1912518,0
ISIC_1912578,0
ISIC_1912589,0
ISIC_1912677,0
ISIC_1912757,0
ISIC_1912902,0
ISIC_1914419,0
ISIC_1915434,0
ISIC_1915549,0
ISIC_1915791,0
ISIC_1915890,0
ISIC_1915989,0
ISIC_1916757,0
ISIC_1917554,0
ISIC_1917581,0
ISIC_1917856,0
ISIC_1918027,0
ISIC_1918077,0
ISIC_1919114,0
ISIC_1919196,0
ISIC_1919324,0
ISIC_1919499,0
ISIC_1919829,0
ISIC_1920523,0
ISIC_1920685,0
ISIC_1921387,0
ISIC_1921636,0
ISIC_1921883,0
ISIC_1922084,0
ISIC_1922234,0
ISIC_1922568,0
ISIC_1922645,0
ISIC_1922657,0
ISIC_1922844,0
ISIC_1923467,0
ISIC_1924120,0
ISIC_1924232,0
ISIC_1924365,0
ISIC_1924663,0
ISIC_1924821,0
ISIC_1924898,0
ISIC_1924949,0
ISIC_1925412,0
ISIC_1925495,0
ISIC_1925533,0
ISIC_1925590,0
ISIC_1925623,0
ISIC_1925632,0
ISIC_1925695,0
ISIC_1926499,0
ISIC_1926530,0
ISIC_1926656,0
ISIC_1926856,0
ISIC_1927418,0
ISIC_1927825,0
ISIC_1927858,0
ISIC_1928510,0
ISIC_1928712,0
ISIC_1929037,0
ISIC_1929320,0
ISIC_1929389,0
ISIC_1929654,0
ISIC_1929937,0
ISIC_1930598,0
ISIC_1930604,0
ISIC_1930877,0
ISIC_1931408,0
ISIC_1931588,0
ISIC_1932064,0
ISIC_1932154,0
ISIC_1932394,0
ISIC_1932486,0
ISIC_1932488,0
ISIC_1932586,0
ISIC_1932632,0
ISIC_1932729,0
ISIC_1932947,0
ISIC_1933026,0
ISIC_1933891,0
ISIC_1934097,0
ISIC_1934152,0
ISIC_1934283,0
ISIC_1935109,0
ISIC_1935204,0
ISIC_1935643,0
ISIC_1935814,0
ISIC_1936043,0
ISIC_1936684,0
ISIC_1936882,0
ISIC_1937057,0
ISIC_1937197,0
ISIC_1937254,0
ISIC_1937534,0
ISIC_1937869,0
ISIC_1937955,0
ISIC_1938535,0
ISIC_1938549,0
ISIC_1938692,0
ISIC_1938709,0
ISIC_1939276,0
ISIC_1939569,0
ISIC_1939931,0
ISIC_1940321,0
ISIC_1940615,0
ISIC_1940924,0
ISIC_1941920,0
ISIC_1942114,0
ISIC_1942980,0
ISIC_1943439,0
ISIC_1943654,0
ISIC_1944326,0
ISIC_1944650,0
ISIC_1944659,0
ISIC_1944712,0
ISIC_1944752,0
ISIC_1944783,0
ISIC_1944865,0
ISIC_1945381,0
ISIC_1945604,0
ISIC_1945850,0
ISIC_1946157,0
ISIC_1946709,0
ISIC_1947833,0
ISIC_1947992,0
ISIC_1948097,0
ISIC_1948545,1
ISIC_1948751,0
ISIC_1949047,0
ISIC_1949257,0
ISIC_1949446,0
ISIC_1949526,0
ISIC_1950002,0
ISIC_1950282,0
ISIC_1950569,0
ISIC_1950616,0
ISIC_1950847,0
ISIC_1951589,0
ISIC_1951867,0
ISIC_1951928,0
ISIC_1951999,0
ISIC_1952049,0
ISIC_1952298,0
ISIC_1952599,0
ISIC_1952749,1
ISIC_1953293,0
ISIC_1953352,0
ISIC_1953808,0
ISIC_1954217,0
ISIC_1954547,0
ISIC_1955511,0
ISIC_1955991,0
ISIC_1956354,0
ISIC_1956504,1
ISIC_1957299,0
ISIC_1957488,0
ISIC_1957587,0
ISIC_1957625,0
ISIC_1957685,0
ISIC_1957989,0
ISIC_1958003,0
ISIC_1958321,0
ISIC_1958612,0
ISIC_1959040,0
ISIC_1959078,0
ISIC_1959412,0
ISIC_1959529,0
ISIC_1959715,0
ISIC_1959939,1
ISIC_1960067,0
ISIC_1960360,0
ISIC_1960393,0
ISIC_1960446,0
ISIC_1960468,0
ISIC_1960472,0
ISIC_1960550,0
ISIC_1961064,0
ISIC_1961213,0
ISIC_1961412,0
ISIC_1961810,0
ISIC_1962061,0
ISIC_1962482,0
ISIC_1962639,0
ISIC_1962845,0
ISIC_1963008,0
ISIC_1963919,0
ISIC_1964157,0
ISIC_1964243,0
ISIC_1964334,0
ISIC_1964624,0
ISIC_1964765,0
ISIC_1965344,0
ISIC_1965598,0
ISIC_1965814,0
ISIC_1966014,0
ISIC_1966916,0
ISIC_1967171,0
ISIC_1967178,0
ISIC_1967651,0
ISIC_1968421,1
ISIC_1968499,0
ISIC_1968712,0
ISIC_1969066,0
ISIC_1969199,0
ISIC_1969322,0
ISIC_1970027,0
ISIC_1970368,0
ISIC_1970738,0
ISIC_1971254,0
ISIC_1971370,0
ISIC_1972082,0
ISIC_1972293,0
ISIC_1972309,0
ISIC_1972876,0
ISIC_1973151,0
ISIC_1973320,0
ISIC_1973447,0
ISIC_1973700,0
ISIC_1973815,0
ISIC_1974094,0
ISIC_1974152,0
ISIC_1974281,0
ISIC_1974530,0
ISIC_1974777,0
ISIC_1974894,0
ISIC_1975042,1
ISIC_1975137,0
ISIC_1975145,0
ISIC_1975192,0
ISIC_1975265,0
ISIC_1975665,0
ISIC_1975941,0
ISIC_1976135,0
ISIC_1976244,0
ISIC_1976246,0
ISIC_1976332,0
ISIC_1976444,0
ISIC_1976571,0
ISIC_1977026,0
ISIC_1977110,0
ISIC_1977122,0
ISIC_1977241,0
ISIC_1977265,0
ISIC_1977315,0
ISIC_1977916,0
ISIC_1978228,0
ISIC_1978426,0
ISIC_1978439,0
ISIC_1978947,0
ISIC_1979109,0
ISIC_1979473,0
ISIC_1979996,0
ISIC_1980064,0
ISIC_1980111,0
ISIC_1980135,0
ISIC_1980878,0
ISIC_1981133,0
ISIC_1982295,0
ISIC_1983334,0
ISIC_1983507,0
ISIC_1983516,0
ISIC_1983754,0
ISIC_1984152,0
ISIC_1984442,0
ISIC_1984557,0
ISIC_1984995,0
ISIC_1985209,0
ISIC_1985244,0
ISIC_1985436,0
ISIC_1985569,0
ISIC_1985763,0
ISIC_1985789,0
ISIC_1985824,0
ISIC_1985984,0
ISIC_1986371,0
ISIC_1988058,0
ISIC_1988080,0
ISIC_1988335,0
ISIC_1988336,0
ISIC_1988596,0
ISIC_1988777,0
ISIC_1988781,0
ISIC_1989037,0
ISIC_1989365,0
ISIC_1990046,0
ISIC_1990429,0
ISIC_1990514,0
ISIC_1990520,0
ISIC_1990651,0
ISIC_1990771,0
ISIC_1990955,0
ISIC_1991054,0
ISIC_1991157,0
ISIC_1991332,0
ISIC_1991528,0
ISIC_1992621,0
ISIC_1993374,0
ISIC_1993529,0
ISIC_1994455,0
ISIC_1994499,0
ISIC_1994515,0
ISIC_1994545,0
ISIC_1995369,0
ISIC_1995402,0
ISIC_1995882,0
ISIC_1996356,0
ISIC_1996538,0
ISIC_1997692,0
ISIC_1998849,0
ISIC_1998942,0
ISIC_2000000,0
ISIC_2000040,0
ISIC_2000184,0
ISIC_2000240,0
ISIC_2000319,0
ISIC_2000346,0
ISIC_2000790,0
ISIC_2000959,0
ISIC_2001320,0
ISIC_2001492,0
ISIC_2001699,0
ISIC_2002463,0
ISIC_2002605,0
ISIC_2002709,0
ISIC_2003200,0
ISIC_2003272,0
ISIC_2003357,0
ISIC_2004139,0
ISIC_2004386,0
ISIC_2005810,0
ISIC_2005921,0
ISIC_2006074,0
ISIC_2006235,0
ISIC_2006424,0
ISIC_2006443,0
ISIC_2006783,0
ISIC_2007034,0
ISIC_2007444,0
ISIC_2007691,0
ISIC_2007864,0
ISIC_2008230,0
ISIC_2008958,0
ISIC_2009055,0
ISIC_2009096,0
ISIC_2009167,0
ISIC_2009728,0
ISIC_2009761,0
ISIC_2010698,0
ISIC_2010700,0
ISIC_2010841,0
ISIC_2011145,0
ISIC_2011299,0
ISIC_2011408,0
ISIC_2011758,0
ISIC_2011808,0
ISIC_2011893,0
ISIC_2012031,0
ISIC_2012245,0
ISIC_2012388,0
ISIC_2012509,0
ISIC_2012659,0
ISIC_2012967,0
ISIC_2013664,0
ISIC_2013861,0
ISIC_2014399,0
ISIC_2014653,0
ISIC_2014917,0
ISIC_2014953,0
ISIC_2015265,0
ISIC_2015266,0
ISIC_2015293,0
ISIC_2015441,0
ISIC_2016546,0
ISIC_2016586,0
ISIC_2017710,0
ISIC_2017991,0
ISIC_2018116,0
ISIC_2018361,0
ISIC_2019110,0
ISIC_2019149,0
ISIC_2019272,0
ISIC_2019273,0
ISIC_2019313,0
ISIC_2019386,0
ISIC_2020317,0
ISIC_2021175,0
ISIC_2021296,0
ISIC_2021321,0
ISIC_2021413,0
ISIC_2022396,0
ISIC_2022525,0
ISIC_2023070,0
ISIC_2023198,0
ISIC_2023592,0
ISIC_2023594,0
ISIC_2024062,0
ISIC_2024384,0
ISIC_2024502,0
ISIC_2025058,0
ISIC_2027392,0
ISIC_2027490,0
ISIC_2027582,1
ISIC_2027628,0
ISIC_2027705,0
ISIC_2027733,0
ISIC_2027840,0
ISIC_2028658,0
ISIC_2029351,0
ISIC_2029418,0
ISIC_2030101,0
ISIC_2030126,0
ISIC_2030479,0
ISIC_2030997,0
ISIC_2031177,0
ISIC_2031252,0
ISIC_2031360,0
ISIC_2031626,0
ISIC_2031794,0
ISIC_2032658,0
ISIC_2032815,0
ISIC_2032923,0
ISIC_2033046,0
ISIC_2033106,0
ISIC_2033237,1
ISIC_2033832,0
ISIC_2033980,0
ISIC_2034147,0
ISIC_2034311,0
ISIC_2034313,0
ISIC_2034659,0
ISIC_2034687,0
ISIC_2034923,0
ISIC_2035097,0
ISIC_2035134,0
ISIC_2036043,0
ISIC_2036058,0
ISIC_2036093,0
ISIC_2036233,0
ISIC_2036426,0
ISIC_2037182,0
ISIC_2037202,0
ISIC_2037324,0
ISIC_2037328,0
ISIC_2038024,0
ISIC_2038298,0
ISIC_2038480,0
ISIC_2038794,0
ISIC_2039259,0
ISIC_2039579,0
ISIC_2040268,0
ISIC_2040393,0
ISIC_2040614,0
ISIC_2040812,0
ISIC_2041109,0
ISIC_2041385,0
ISIC_2041726,0
ISIC_2042483,0
ISIC_2042750,0
ISIC_2042797,0
ISIC_2042953,0
ISIC_2043431,0
ISIC_2043662,0
ISIC_2043857,0
ISIC_2044283,0
ISIC_2044613,0
ISIC_2045377,0
ISIC_2045468,0
ISIC_2045595,0
ISIC_2046079,0
ISIC_2046223,0
ISIC_2046891,0
ISIC_2047791,0
ISIC_2047914,0
ISIC_2048638,0
ISIC_2048945,0
ISIC_2048995,0
ISIC_2049142,0
ISIC_2049818,0
ISIC_2049836,0
ISIC_2050288,0
ISIC_2050512,0
ISIC_2050638,0
ISIC_2051278,0
ISIC_2051486,0
ISIC_2051564,0
ISIC_2052192,0
ISIC_2052529,0
ISIC_2052603,0
ISIC_2053045,0
ISIC_2053051,0
ISIC_2053391,0
ISIC_2053951,0
ISIC_2054066,0
ISIC_2054180,0
ISIC_2054436,0
ISIC_2054705,0
ISIC_2055859,0
ISIC_2056104,0
ISIC_2056352,0
ISIC_2056416,0
ISIC_2056468,0
ISIC_2057074,0
ISIC_2057184,0
ISIC_2057606,0
ISIC_2057707,0
ISIC_2057729,0
ISIC_2057990,0
ISIC_2058126,0
ISIC_2058516,0
ISIC_2058911,0
ISIC_2059085,0
ISIC_2059420,0
ISIC_2059464,0
ISIC_2059481,0
ISIC_2060078,0
ISIC_2060202,0
ISIC_2060846,0
ISIC_2061063,0
ISIC_2061327,0
ISIC_2061854,0
ISIC_2061919,0
ISIC_2061933,0
ISIC_2063071,0
ISIC_2063479,0
ISIC_2063937,0
ISIC_2064084,0
ISIC_2064350,0
ISIC_2064819,0
ISIC_2064934,0
ISIC_2066038,0
ISIC_2066127,0
ISIC_2066146,0
ISIC_2066616,0
ISIC_2066654,0
ISIC_2066769,0
ISIC_2066825,0
ISIC_2066959,0
ISIC_2067317,0
ISIC_2067576,0
ISIC_2068777,0
ISIC_2068866,0
ISIC_2068908,0
ISIC_2069039,0
ISIC_2069179,0
ISIC_2069765,0
ISIC_2070085,0
ISIC_2070441,0
ISIC_2070595,0
ISIC_2070718,0
ISIC_2070726,0
ISIC_2071317,0
ISIC_2071418,0
ISIC_2071774,0
ISIC_2071966,1
ISIC_2072219,1
ISIC_2072302,0
ISIC_2072308,0
ISIC_2072760,0
ISIC_2073530,0
ISIC_2073666,0
ISIC_2073967,0
ISIC_2073994,0
ISIC_2074396,0
ISIC_2074649,0
ISIC_2074764,0
ISIC_2074993,0
ISIC_2075054,0
ISIC_2075121,0
ISIC_2075372,0
ISIC_2075546,0
ISIC_2075564,0
ISIC_2075596,0
ISIC_2075655,0
ISIC_2075799,0
ISIC_2076902,0
ISIC_2077116,1
ISIC_2077460,0
ISIC_2078053,0
ISIC_2078613,0
ISIC_2078787,0
ISIC_2078928,0
ISIC_2079078,0
ISIC_2079121,0
ISIC_2079300,0
ISIC_2079417,0
ISIC_2079466,0
ISIC_2079758,0
ISIC_2080351,0
ISIC_2080947,0
ISIC_2081142,0
ISIC_2081489,0
ISIC_2082114,0
ISIC_2082721,0
ISIC_2083098,0
ISIC_2083499,0
ISIC_2083677,0
ISIC_2084963,0
ISIC_2085439,0
ISIC_2085855,0
ISIC_2086082,0
ISIC_2086525,0
ISIC_2086540,0
ISIC_2086580,0
ISIC_2086668,0
ISIC_2087446,0
ISIC_2087641,0
ISIC_2087826,0
ISIC_2087913,0
ISIC_2088750,0
ISIC_2089231,0
ISIC_2091698,0
ISIC_2092150,0
ISIC_2092685,0
ISIC_2092879,0
ISIC_2092911,0
ISIC_2092968,0
ISIC_2093167,0
ISIC_2093476,0
ISIC_2093604,0
ISIC_2093777,0
ISIC_2093988,0
ISIC_2094064,0
ISIC_2094198,0
ISIC_2094324,0
ISIC_2094429,0
ISIC_2094481,0
ISIC_2094598,0
ISIC_2094603,0
ISIC_2095143,0
ISIC_2095347,0
ISIC_2096695,0
ISIC_2096870,0
ISIC_2097186,0
ISIC_2097198,0
ISIC_2097704,0
ISIC_2097809,0
ISIC_2098084,0
ISIC_2098109,0
ISIC_2098331,0
ISIC_2098525,0
ISIC_2098959,0
ISIC_2099059,0
ISIC_2099315,0
ISIC_2099525,0
ISIC_2099776,0
ISIC_2100445,0
ISIC_2100500,0
ISIC_2100640,0
ISIC_2101389,0
ISIC_2101624,1
ISIC_2102228,0
ISIC_2102371,0
ISIC_2102551,0
ISIC_2102983,0
ISIC_2103508,0
ISIC_2103581,0
ISIC_2104267,0
ISIC_2104341,0
ISIC_2104487,0
ISIC_2104877,0
ISIC_2105312,0
ISIC_2105563,1
ISIC_2105735,0
ISIC_2106041,0
ISIC_2106358,0
ISIC_2106823,0
ISIC_2107578,0
ISIC_2108425,0
ISIC_2108457,0
ISIC_2108787,0
ISIC_2108823,0
ISIC_2108938,0
ISIC_2109393,0
ISIC_2109549,0
ISIC_2109563,0
ISIC_2109658,0
ISIC_2109766,0
ISIC_2110130,0
ISIC_2110833,0
ISIC_2110862,0
ISIC_2111605,0
ISIC_2111943,0
ISIC_2112106,0
ISIC_2112213,0
ISIC_2112683,0
ISIC_2113629,0
ISIC_2113710,0
ISIC_2114035,0
ISIC_2114240,0
ISIC_2114522,0
ISIC_2114564,0
ISIC_2115136,0
ISIC_2115449,0
ISIC_2115645,0
ISIC_2115921,0
ISIC_2115937,0
ISIC_2116331,0
ISIC_2117210,0
ISIC_2117372,0
ISIC_2118143,0
ISIC_2118473,0
ISIC_2119008,0
ISIC_2119201,0
ISIC_2119925,0
ISIC_2120371,0
ISIC_2120508,0
ISIC_2120547,0
ISIC_2121292,0
ISIC_2121383,0
ISIC_2121616,0
ISIC_2122087,0
ISIC_2122488,0
ISIC_2122585,0
ISIC_2122918,0
ISIC_2123159,0
ISIC_2123488,0
ISIC_2123513,0
ISIC_2123846,0
ISIC_2124148,0
ISIC_2124213,0
ISIC_2125450,0
ISIC_2126035,0
ISIC_2126084,0
ISIC_2126176,0
ISIC_2126248,0
ISIC_2126316,0
ISIC_2126411,0
ISIC_2126575,0
ISIC_2126688,0
ISIC_2127185,0
ISIC_2127228,0
ISIC_2127378,0
ISIC_2127685,0
ISIC_2127820,0
ISIC_2129020,0
ISIC_2129226,0
ISIC_2129292,0
ISIC_2129541,0
ISIC_2129639,0
ISIC_2130800,0
ISIC_2131585,0
ISIC_2131707,0
ISIC_2131812,0
ISIC_2131962,0
ISIC_2132139,0
ISIC_2132397,0
ISIC_2133381,0
ISIC_2133938,0
ISIC_2133980,0
ISIC_2134175,0
ISIC_2134188,0
ISIC_2134267,0
ISIC_2134273,0
ISIC_2134704,0
ISIC_2134753,0
ISIC_2134824,0
ISIC_2134858,0
ISIC_2134975,0
ISIC_2136193,0
ISIC_2136243,0
ISIC_2136533,0
ISIC_2137033,0
ISIC_2137041,0
ISIC_2137639,0
ISIC_2137735,0
ISIC_2138357,0
ISIC_2138559,0
ISIC_2139102,0
ISIC_2139387,0
ISIC_2139752,0
ISIC_2140099,0
ISIC_2140115,0
ISIC_2140374,0
ISIC_2141003,0
ISIC_2141054,0
ISIC_2141237,1
ISIC_2141486,0
ISIC_2141786,0
ISIC_2142072,0
ISIC_2142115,0
ISIC_2142232,0
ISIC_2142365,0
ISIC_2142639,0
ISIC_2142673,0
ISIC_2142686,0
ISIC_2143002,0
ISIC_2143352,0
ISIC_2143557,0
ISIC_2143789,0
ISIC_2144220,0
ISIC_2144644,0
ISIC_2145028,0
ISIC_2145640,0
ISIC_2145730,0
ISIC_2145943,0
ISIC_2146087,0
ISIC_2146171,0
ISIC_2146346,0
ISIC_2147342,0
ISIC_2147395,0
ISIC_2147549,0
ISIC_2148350,0
ISIC_2148360,0
ISIC_2148640,0
ISIC_2148975,0
ISIC_2149030,0
ISIC_2149531,0
ISIC_2149858,0
ISIC_2150010,0
ISIC_2150031,0
ISIC_2150221,0
ISIC_2150997,0
ISIC_2151178,0
ISIC_2151459,0
ISIC_2151727,0
ISIC_2151846,0
ISIC_2151856,0
ISIC_2152051,0
ISIC_2152755,0
ISIC_2152875,0
ISIC_2153159,0
ISIC_2153201,0
ISIC_2153301,0
ISIC_2153401,1
ISIC_2153686,1
ISIC_2153879,0
ISIC_2154157,0
ISIC_2154237,0
ISIC_2154275,0
ISIC_2155391,0
ISIC_2155496,0
ISIC_2155673,0
ISIC_2155898,0
ISIC_2155899,0
ISIC_2156021,0
ISIC_2156197,0
ISIC_2156526,0
ISIC_2157103,0
ISIC_2157354,0
ISIC_2157630,0
ISIC_2157951,0
ISIC_2158377,0
ISIC_2158871,0
ISIC_2158873,0
ISIC_2159294,0
ISIC_2159379,0
ISIC_2159510,0
ISIC_2159525,0
ISIC_2159788,0
ISIC_2159914,0
ISIC_2159982,0
ISIC_2160139,0
ISIC_2160145,0
ISIC_2160379,0
ISIC_2160913,0
ISIC_2161202,0
ISIC_2161444,0
ISIC_2161819,0
ISIC_2161864,0
ISIC_2161930,0
ISIC_2161978,0
ISIC_2162118,0
ISIC_2162120,0
ISIC_2162458,0
ISIC_2162542,0
ISIC_2162728,0
ISIC_2163567,0
ISIC_2163675,0
ISIC_2163734,0
ISIC_2164802,0
ISIC_2164811,0
ISIC_2164836,0
ISIC_2164933,0
ISIC_2165360,0
ISIC_2165840,0
ISIC_2166661,0
ISIC_2166801,0
ISIC_2166957,0
ISIC_2167209,0
ISIC_2167621,0
ISIC_2168257,0
ISIC_2168904,0
ISIC_2168953,0
ISIC_2169275,0
ISIC_2169311,0
ISIC_2170086,0
ISIC_2170531,0
ISIC_2170868,0
ISIC_2170985,0
ISIC_2171314,0
ISIC_2171616,0
ISIC_2171940,0
ISIC_2172172,0
ISIC_2172329,0
ISIC_2172377,0
ISIC_2172532,0
ISIC_2172628,0
ISIC_2172806,0
ISIC_2173158,0
ISIC_2173487,0
ISIC_2174204,0
ISIC_2174347,0
ISIC_2174927,0
ISIC_2175722,0
ISIC_2175855,0
ISIC_2175934,0
ISIC_2176112,1
ISIC_2176370,0
ISIC_2176462,0
ISIC_2176822,0
ISIC_2177748,0
ISIC_2177865,0
ISIC_2178032,0
ISIC_2178583,0
ISIC_2178689,0
ISIC_2178817,0
ISIC_2178834,0
ISIC_2179001,0
ISIC_2180439,0
ISIC_2180599,0
ISIC_2181095,0
ISIC_2182674,0
ISIC_2182754,0
ISIC_2182839,0
ISIC_2182856,1
ISIC_2183120,0
ISIC_2183559,0
ISIC_2183687,0
ISIC_2183722,0
ISIC_2184133,0
ISIC_2184202,0
ISIC_2184229,0
ISIC_2185761,0
ISIC_2185831,0
ISIC_2186123,0
ISIC_2186382,0
ISIC_2186488,0
ISIC_2186492,0
ISIC_2186496,0
ISIC_2186828,0
ISIC_2186853,0
ISIC_2186901,0
ISIC_2187515,0
ISIC_2188231,0
ISIC_2188423,0
ISIC_2188465,0
ISIC_2188566,0
ISIC_2189426,0
ISIC_2189699,0
ISIC_2190217,0
ISIC_2190479,0
ISIC_2190816,0
ISIC_2190821,0
ISIC_2191434,0
ISIC_2191738,0
ISIC_2191924,0
ISIC_2192666,0
ISIC_2192973,0
ISIC_2193223,0
ISIC_2193727,0
ISIC_2193761,0
ISIC_2194141,0
ISIC_2194762,0
ISIC_2194936,0
ISIC_2194940,0
ISIC_2194968,0
ISIC_2195070,0
ISIC_2195125,0
ISIC_2195832,0
ISIC_2196127,0
ISIC_2196147,0
ISIC_2196918,0
ISIC_2197346,0
ISIC_2197398,0
ISIC_2197722,0
ISIC_2198030,0
ISIC_2198244,0
ISIC_2198278,0
ISIC_2198865,0
ISIC_2199155,0
ISIC_2199280,0
ISIC_2199452,0
ISIC_2199969,0
ISIC_2200112,0
ISIC_2200197,1
ISIC_2200426,0
ISIC_2200924,0
ISIC_2201327,0
ISIC_2201390,0
ISIC_2201806,0
ISIC_2202024,0
ISIC_2202486,0
ISIC_2202665,0
ISIC_2203163,0
ISIC_2203239,0
ISIC_2203242,0
ISIC_2203247,0
ISIC_2203306,0
ISIC_2203635,0
ISIC_2204100,0
ISIC_2204121,0
ISIC_2204217,0
ISIC_2204393,0
ISIC_2205007,0
ISIC_2205780,0
ISIC_2206255,0
ISIC_2206577,0
ISIC_2207683,0
ISIC_2207693,0
ISIC_2208006,0
ISIC_2208019,0
ISIC_2208205,0
ISIC_2208555,0
ISIC_2208668,0
ISIC_2208844,0
ISIC_2209697,0
ISIC_2210513,0
ISIC_2210565,0
ISIC_2210573,0
ISIC_2210577,0
ISIC_2210710,0
ISIC_2211136,0
ISIC_2211192,0
ISIC_2211337,0
ISIC_2211403,0
ISIC_2211811,0
ISIC_2212100,0
ISIC_2212352,0
ISIC_2212473,1
ISIC_2212676,0
ISIC_2212697,0
ISIC_2212933,0
ISIC_2214766,0
ISIC_2214769,0
ISIC_2215276,0
ISIC_2215330,0
ISIC_2215371,0
ISIC_2215389,0
ISIC_2215830,0
ISIC_2216518,0
ISIC_2216526,0
ISIC_2216568,0
ISIC_2216833,0
ISIC_2217052,0
ISIC_2217129,0
ISIC_2217230,0
ISIC_2217550,0
ISIC_2218318,0
ISIC_2219050,0
ISIC_2219235,0
ISIC_2220092,0
ISIC_2220459,0
ISIC_2220508,0
ISIC_2221212,0
ISIC_2221217,1
ISIC_2221993,0
ISIC_2222090,0
ISIC_2222091,0
ISIC_2222264,0
ISIC_2222349,0
ISIC_2222489,0
ISIC_2222879,0
ISIC_2222968,0
ISIC_2223049,0
ISIC_2223165,0
ISIC_2223646,0
ISIC_2224928,0
ISIC_2225058,0
ISIC_2225680,0
ISIC_2225927,0
ISIC_2226341,0
ISIC_2226940,0
ISIC_2227134,0
ISIC_2227328,0
ISIC_2227830,0
ISIC_2228053,0
ISIC_2228262,0
ISIC_2228270,0
ISIC_2228271,0
ISIC_2228511,0
ISIC_2229251,0
ISIC_2229764,0
ISIC_2229806,0
ISIC_2229831,0
ISIC_2231078,0
ISIC_2231191,0
ISIC_2231300,0
ISIC_2231307,0
ISIC_2231591,0
ISIC_2231787,0
ISIC_2232349,0
ISIC_2232442,1
ISIC_2232461,0
ISIC_2232546,0
ISIC_2232883,0
ISIC_2234023,0
ISIC_2234076,0
ISIC_2234161,0
ISIC_2234794,0
ISIC_2234899,0
ISIC_2235566,0
ISIC_2235950,0
ISIC_2236275,0
ISIC_2236640,0
ISIC_2236668,0
ISIC_2237868,0
ISIC_2238187,0
ISIC_2238376,0
ISIC_2238813,0
ISIC_2239046,0
ISIC_2239134,0
ISIC_2241173,0
ISIC_2241388,0
ISIC_2241755,0
ISIC_2241975,0
ISIC_2242628,0
ISIC_2243225,0
ISIC_2243353,0
ISIC_2243372,0
ISIC_2243671,0
ISIC_2243924,0
ISIC_2243954,0
ISIC_2244564,0
ISIC_2244719,0
ISIC_2244742,0
ISIC_2245069,0
ISIC_2245325,0
ISIC_2245695,0
ISIC_2245709,0
ISIC_2246150,0
ISIC_2246315,0
ISIC_2246839,0
ISIC_2247168,0
ISIC_2247812,0
ISIC_2248231,0
ISIC_2248305,0
ISIC_2248956,0
ISIC_2249118,0
ISIC_2249623,0
ISIC_2250133,0
ISIC_2250587,0
ISIC_2250839,0
ISIC_2250871,0
ISIC_2250936,0
ISIC_2251480,0
ISIC_2251844,0
ISIC_2251944,0
ISIC_2252651,0
ISIC_2252702,0
ISIC_2252743,0
ISIC_2252930,0
ISIC_2252958,0
ISIC_2253110,0
ISIC_2253931,0
ISIC_2254033,0
ISIC_2254066,0
ISIC_2254653,0
ISIC_2255088,0
ISIC_2255411,1
ISIC_2255492,0
ISIC_2255966,0
ISIC_2256461,0
ISIC_2256519,0
ISIC_2256999,0
ISIC_2257833,0
ISIC_2258049,0
ISIC_2258220,0
ISIC_2258612,0
ISIC_2259190,0
ISIC_2259861,0
ISIC_2259986,0
ISIC_2260164,0
ISIC_2260249,0
ISIC_2261306,0
ISIC_2262146,0
ISIC_2262530,0
ISIC_2262805,0
ISIC_2263311,0
ISIC_2263504,0
ISIC_2263540,0
ISIC_2264633,0
ISIC_2264768,0
ISIC_2264825,0
ISIC_2265409,0
ISIC_2265410,0
ISIC_2265902,0
ISIC_2266011,0
ISIC_2266290,0
ISIC_2266312,0
ISIC_2266320,0
ISIC_2266369,0
ISIC_2266715,0
ISIC_2266857,0
ISIC_2267276,0
ISIC_2267335,0
ISIC_2267785,0
ISIC_2268341,1
ISIC_2269048,0
ISIC_2269075,0
ISIC_2269117,0
ISIC_2269849,0
ISIC_2270496,0
ISIC_2270571,0
ISIC_2272218,1
ISIC_2273343,0
ISIC_2273366,0
ISIC_2273490,0
ISIC_2273556,0
ISIC_2273860,0
ISIC_2274568,0
ISIC_2274871,0
ISIC_2275181,0
ISIC_2275597,0
ISIC_2275624,0
ISIC_2275821,0
ISIC_2275909,0
ISIC_2276141,0
ISIC_2276317,0
ISIC_2276409,0
ISIC_2277599,0
ISIC_2277876,0
ISIC_2278042,0
ISIC_2278331,0
ISIC_2278564,0
ISIC_2279329,0
ISIC_2279449,0
ISIC_2279679,0
ISIC_2279765,0
ISIC_2280076,0
ISIC_2280085,0
ISIC_2280429,0
ISIC_2281048,0
ISIC_2281090,0
ISIC_2281160,0
ISIC_2281909,0
ISIC_2281984,0
ISIC_2282086,0
ISIC_2282273,0
ISIC_2282330,0
ISIC_2282522,0
ISIC_2282946,0
ISIC_2282949,0
ISIC_2283063,0
ISIC_2283151,0
ISIC_2283336,0
ISIC_2283628,0
ISIC_2283702,0
ISIC_2284138,0
ISIC_2284502,0
ISIC_2284546,0
ISIC_2284607,0
ISIC_2284612,0
ISIC_2284633,0
ISIC_2284769,0
ISIC_2285264,0
ISIC_2286170,0
ISIC_2286175,0
ISIC_2286273,0
ISIC_2286375,0
ISIC_2287066,0
ISIC_2287083,0
ISIC_2287151,0
ISIC_2288861,0
ISIC_2288866,0
ISIC_2288896,0
ISIC_2288919,0
ISIC_2289043,0
ISIC_2289057,0
ISIC_2289276,0
ISIC_2289462,0
ISIC_2289721,0
ISIC_2290378,0
ISIC_2291021,0
ISIC_2291042,0
ISIC_2291059,0
ISIC_2291364,0
ISIC_2291794,0
ISIC_2292028,0
ISIC_2292207,0
ISIC_2292593,0
ISIC_2293230,0
ISIC_2293255,0
ISIC_2293310,0
ISIC_2293804,0
ISIC_2293977,0
ISIC_2294745,0
ISIC_2294790,0
ISIC_2294843,0
ISIC_2295004,0
ISIC_2295101,0
ISIC_2295998,0
ISIC_2296151,0
ISIC_2296431,0
ISIC_2297426,0
ISIC_2297485,0
ISIC_2297858,0
ISIC_2297987,0
ISIC_2298186,0
ISIC_2298235,0
ISIC_2298329,0
ISIC_2298440,0
ISIC_2298789,0
ISIC_2299184,0
ISIC_2299497,0
ISIC_2299591,0
ISIC_2299695,0
ISIC_2299749,0
ISIC_2299769,0
ISIC_2299862,0
ISIC_2300279,0
ISIC_2300540,0
ISIC_2300635,0
ISIC_2301029,0
ISIC_2301133,0
ISIC_2301843,0
ISIC_2302257,0
ISIC_2302286,0
ISIC_2302713,0
ISIC_2303197,0
ISIC_2304459,0
ISIC_2304753,0
ISIC_2305416,0
ISIC_2305427,0
ISIC_2305651,0
ISIC_2305742,0
ISIC_2305905,0
ISIC_2306330,0
ISIC_2306349,1
ISIC_2306653,0
ISIC_2306793,0
ISIC_2307135,0
ISIC_2307167,0
ISIC_2307711,0
ISIC_2307760,0
ISIC_2307965,0
ISIC_2309037,0
ISIC_2309744,1
ISIC_2310105,0
ISIC_2310167,0
ISIC_2310870,0
ISIC_2310983,0
ISIC_2311125,0
ISIC_2311665,1
ISIC_2311709,0
ISIC_2312766,0
ISIC_2313001,0
ISIC_2313297,0
ISIC_2313428,0
ISIC_2313673,0
ISIC_2314289,0
ISIC_2315118,0
ISIC_2315332,0
ISIC_2315448,0
ISIC_2315560,0
ISIC_2315825,0
ISIC_2316159,0
ISIC_2316827,0
ISIC_2317042,0
ISIC_2317156,0
ISIC_2317322,0
ISIC_2317328,0
ISIC_2317454,0
ISIC_2318640,0
ISIC_2318657,0
ISIC_2318850,0
ISIC_2318902,0
ISIC_2318906,0
ISIC_2319122,0
ISIC_2319387,0
ISIC_2319601,0
ISIC_2319929,0
ISIC_2320481,1
ISIC_2320808,0
ISIC_2320823,0
ISIC_2321092,0
ISIC_2321120,0
ISIC_2321403,0
ISIC_2321619,0
ISIC_2321671,0
ISIC_2321699,0
ISIC_2321940,0
ISIC_2322347,0
ISIC_2322693,0
ISIC_2323049,0
ISIC_2323082,0
ISIC_2324440,0
ISIC_2324728,0
ISIC_2324840,0
ISIC_2324972,0
ISIC_2325035,0
ISIC_2325146,0
ISIC_2325383,0
ISIC_2325607,0
ISIC_2325886,0
ISIC_2326179,0
ISIC_2326940,0
ISIC_2326984,0
ISIC_2327393,0
ISIC_2327625,0
ISIC_2327808,0
ISIC_2328299,0
ISIC_2328690,0
ISIC_2328829,0
ISIC_2329149,0
ISIC_2329310,0
ISIC_2329701,0
ISIC_2329722,0
ISIC_2330388,0
ISIC_2330773,0
ISIC_2331415,0
ISIC_2331656,0
ISIC_2332127,0
ISIC_2332575,0
ISIC_2332858,0
ISIC_2333274,0
ISIC_2333883,0
ISIC_2334224,0
ISIC_2334275,0
ISIC_2334293,0
ISIC_2334434,0
ISIC_2334595,0
ISIC_2334999,0
ISIC_2335533,0
ISIC_2336763,0
ISIC_2337650,0
ISIC_2337786,0
ISIC_2337907,1
ISIC_2338297,0
ISIC_2338392,0
ISIC_2338423,0
ISIC_2338456,0
ISIC_2338485,0
ISIC_2339123,0
ISIC_2339196,0
ISIC_2339423,0
ISIC_2339522,0
ISIC_2339849,0
ISIC_2340119,0
ISIC_2340246,0
ISIC_2340287,0
ISIC_2340635,0
ISIC_2341100,0
ISIC_2341875,1
ISIC_2342769,1
ISIC_2342989,0
ISIC_2343061,0
ISIC_2343195,0
ISIC_2344225,0
ISIC_2344309,0
ISIC_2344492,0
ISIC_2344766,0
ISIC_2345504,0
ISIC_2345768,0
ISIC_2346775,0
ISIC_2347774,0
ISIC_2347821,0
ISIC_2347991,0
ISIC_2348336,0
ISIC_2348481,0
ISIC_2349386,0
ISIC_2349743,0
ISIC_2349843,0
ISIC_2349994,0
ISIC_2350747,0
ISIC_2351018,0
ISIC_2351242,0
ISIC_2351776,0
ISIC_2351999,1
ISIC_2352598,0
ISIC_2353030,0
ISIC_2353289,0
ISIC_2353735,0
ISIC_2354070,0
ISIC_2354133,0
ISIC_2354258,0
ISIC_2354682,0
ISIC_2355218,0
ISIC_2355374,0
ISIC_2355452,0
ISIC_2355513,0
ISIC_2355662,0
ISIC_2355832,0
ISIC_2355860,0
ISIC_2355972,0
ISIC_2356091,0
ISIC_2356539,0
ISIC_2356841,0
ISIC_2357010,0
ISIC_2357022,0
ISIC_2357307,0
ISIC_2357533,0
ISIC_2357876,0
ISIC_2358170,0
ISIC_2358220,0
ISIC_2358454,1
ISIC_2358812,0
ISIC_2359366,0
ISIC_2359654,0
ISIC_2359709,0
ISIC_2360135,0
ISIC_2360519,0
ISIC_2360676,0
ISIC_2361734,0
ISIC_2361997,0
ISIC_2362404,0
ISIC_2362696,0
ISIC_2363574,0
ISIC_2363669,0
ISIC_2363897,0
ISIC_2363927,0
ISIC_2364150,1
ISIC_2364189,0
ISIC_2364385,0
ISIC_2365225,0
ISIC_2365285,0
ISIC_2365588,0
ISIC_2365745,0
ISIC_2365917,0
ISIC_2366126,0
ISIC_2366172,0
ISIC_2366196,0
ISIC_2366287,0
ISIC_2366625,0
ISIC_2366652,0
ISIC_2366681,0
ISIC_2366727,0
ISIC_2367392,0
ISIC_2368518,0
ISIC_2369620,0
ISIC_2369713,0
ISIC_2369986,0
ISIC_2370061,0
ISIC_2370136,0
ISIC_2370260,0
ISIC_2370610,0
ISIC_2370650,0
ISIC_2371033,0
ISIC_2371495,0
ISIC_2371734,0
ISIC_2371892,0
ISIC_2372032,0
ISIC_2372468,0
ISIC_2373071,0
ISIC_2373200,0
ISIC_2373398,0
ISIC_2373760,0
ISIC_2374243,0
ISIC_2374434,0
ISIC_2374436,0
ISIC_2374446,0
ISIC_2374777,0
ISIC_2375107,0
ISIC_2375233,0
ISIC_2375394,0
ISIC_2375586,0
ISIC_2375714,0
ISIC_2375871,0
ISIC_2376016,0
ISIC_2376380,0
ISIC_2376574,0
ISIC_2376758,0
ISIC_2377039,0
ISIC_2377292,0
ISIC_2377804,0
ISIC_2378211,0
ISIC_2378303,0
ISIC_2378428,0
ISIC_2378495,0
ISIC_2379024,0
ISIC_2379379,0
ISIC_2379723,0
ISIC_2379778,0
ISIC_2379908,0
ISIC_2380341,0
ISIC_2380421,0
ISIC_2380432,0
ISIC_2380895,0
ISIC_2380958,0
ISIC_2381167,0
ISIC_2381283,0
ISIC_2381535,0
ISIC_2382045,0
ISIC_2382078,0
ISIC_2382323,0
ISIC_2383335,0
ISIC_2383571,0
ISIC_2384107,0
ISIC_2384274,0
ISIC_2384341,0
ISIC_2384356,0
ISIC_2384774,0
ISIC_2385649,0
ISIC_2385847,0
ISIC_2386668,0
ISIC_2386961,0
ISIC_2387142,0
ISIC_2387403,0
ISIC_2387634,0
ISIC_2387770,0
ISIC_2388001,0
ISIC_2388532,0
ISIC_2389269,0
ISIC_2389688,0
ISIC_2389892,0
ISIC_2389900,0
ISIC_2390283,0
ISIC_2390695,0
ISIC_2391053,0
ISIC_2391542,0
ISIC_2391627,0
ISIC_2392559,0
ISIC_2393105,0
ISIC_2393348,0
ISIC_2393984,0
ISIC_2393986,0
ISIC_2394181,0
ISIC_2394445,0
ISIC_2394780,0
ISIC_2394894,0
ISIC_2395624,0
ISIC_2395859,0
ISIC_2396480,0
ISIC_2396605,0
ISIC_2396791,0
ISIC_2397307,0
ISIC_2397373,0
ISIC_2397455,0
ISIC_2398001,0
ISIC_2398131,0
ISIC_2398511,0
ISIC_2398526,0
ISIC_2398801,0
ISIC_2399130,0
ISIC_2399253,0
ISIC_2399314,0
ISIC_2399613,0
ISIC_2399770,0
ISIC_2399890,0
ISIC_2399943,0
ISIC_2400002,0
ISIC_2400177,0
ISIC_2400515,0
ISIC_2400548,0
ISIC_2400766,0
ISIC_2400889,0
ISIC_2401189,0
ISIC_2401326,0
ISIC_2401705,0
ISIC_2401731,0
ISIC_2401734,0
ISIC_2402328,0
ISIC_2402558,0
ISIC_2402717,0
ISIC_2403471,0
ISIC_2403491,0
ISIC_2404635,0
ISIC_2404691,0
ISIC_2404756,0
ISIC_2404779,0
ISIC_2404804,0
ISIC_2404995,0
ISIC_2405237,0
ISIC_2406262,0
ISIC_2406445,0
ISIC_2406492,1
ISIC_2406580,0
ISIC_2406848,0
ISIC_2407121,0
ISIC_2407132,0
ISIC_2407586,0
ISIC_2407914,0
ISIC_2407971,0
ISIC_2408442,0
ISIC_2408815,1
ISIC_2409103,0
ISIC_2410133,0
ISIC_2410240,0
ISIC_2410265,0
ISIC_2410520,0
ISIC_2410574,0
ISIC_2410736,0
ISIC_2410842,0
ISIC_2411050,0
ISIC_2411706,0
ISIC_2412113,1
ISIC_2412314,0
ISIC_2412426,0
ISIC_2412805,0
ISIC_2412888,0
ISIC_2413429,0
ISIC_2413554,0
ISIC_2413722,0
ISIC_2414199,0
ISIC_2414238,0
ISIC_2414250,0
ISIC_2414298,0
ISIC_2414367,0
ISIC_2414373,0
ISIC_2414689,0
ISIC_2414922,0
ISIC_2415026,0
ISIC_2415030,0
ISIC_2415206,0
ISIC_2415803,0
ISIC_2415856,0
ISIC_2416792,0
ISIC_2417311,0
ISIC_2417638,0
ISIC_2417958,0
ISIC_2418389,0
ISIC_2418419,0
ISIC_2418848,0
ISIC_2418954,0
ISIC_2419161,0
ISIC_2419448,0
ISIC_2419564,0
ISIC_2419593,0
ISIC_2419615,0
ISIC_2420042,0
ISIC_2420067,0
ISIC_2421486,0
ISIC_2421521,0
ISIC_2421696,0
ISIC_2422589,0
ISIC_2423162,0
ISIC_2423382,0
ISIC_2423677,0
ISIC_2423735,0
ISIC_2424347,0
ISIC_2424673,0
ISIC_2424791,0
ISIC_2425013,0
ISIC_2426893,0
ISIC_2426937,0
ISIC_2427035,0
ISIC_2427137,0
ISIC_2428377,0
ISIC_2428478,0
ISIC_2428554,0
ISIC_2428698,0
ISIC_2428829,0
ISIC_2429070,0
ISIC_2429330,0
ISIC_2429824,0
ISIC_2430137,0
ISIC_2430489,0
ISIC_2430937,0
ISIC_2431409,0
ISIC_2431696,0
ISIC_2432058,0
ISIC_2432466,0
ISIC_2432848,0
ISIC_2432948,0
ISIC_2433960,0
ISIC_2434382,0
ISIC_2434878,0
ISIC_2434965,0
ISIC_2435523,0
ISIC_2435789,0
ISIC_2436371,0
ISIC_2436616,0
ISIC_2437106,0
ISIC_2437188,0
ISIC_2437633,1
ISIC_2438067,0
ISIC_2438305,0
ISIC_2438329,0
ISIC_2438917,0
ISIC_2438935,0
ISIC_2439485,0
ISIC_2439714,0
ISIC_2439978,0
ISIC_2440165,0
ISIC_2440281,0
ISIC_2440407,0
ISIC_2440802,0
ISIC_2441708,0
ISIC_2441954,0
ISIC_2442479,0
ISIC_2442872,0
ISIC_2443065,0
ISIC_2443367,0
ISIC_2443396,0
ISIC_2444092,0
ISIC_2444344,0
ISIC_2444940,0
ISIC_2445235,0
ISIC_2445475,0
ISIC_2445710,0
ISIC_2445765,0
ISIC_2445910,0
ISIC_2445971,0
ISIC_2446492,0
ISIC_2446704,0
ISIC_2447578,1
ISIC_2448123,1
ISIC_2448210,0
ISIC_2448750,0
ISIC_2448820,0
ISIC_2449093,0
ISIC_2449103,0
ISIC_2449313,0
ISIC_2449919,0
ISIC_2450135,0
ISIC_2450583,0
ISIC_2450662,0
ISIC_2450785,0
ISIC_2450853,0
ISIC_2450957,0
ISIC_2450970,0
ISIC_2451070,0
ISIC_2451671,0
ISIC_2451803,0
ISIC_2452083,0
ISIC_2452140,0
ISIC_2452729,0
ISIC_2452910,0
ISIC_2452931,0
ISIC_2453557,0
ISIC_2454446,0
ISIC_2454475,0
ISIC_2454898,0
ISIC_2455081,0
ISIC_2456291,0
ISIC_2456960,0
ISIC_2457024,0
ISIC_2457132,0
ISIC_2457369,0
ISIC_2457446,0
ISIC_2457859,0
ISIC_2458074,0
ISIC_2458253,0
ISIC_2458609,0
ISIC_2458845,0
ISIC_2459113,0
ISIC_2459552,0
ISIC_2459724,0
ISIC_2459772,0
ISIC_2459956,0
ISIC_2460105,0
ISIC_2460354,0
ISIC_2460823,0
ISIC_2461027,0
ISIC_2461164,0
ISIC_2461360,0
ISIC_2461602,0
ISIC_2461731,0
ISIC_2461930,0
ISIC_2461940,0
ISIC_2462231,0
ISIC_2462485,0
ISIC_2463014,0
ISIC_2464424,0
ISIC_2464927,0
ISIC_2465244,0
ISIC_2465834,0
ISIC_2465895,0
ISIC_2466236,0
ISIC_2466295,0
ISIC_2466466,0
ISIC_2466892,0
ISIC_2467082,0
ISIC_2467125,0
ISIC_2467153,0
ISIC_2467623,0
ISIC_2468174,0
ISIC_2468509,0
ISIC_2468540,0
ISIC_2468572,0
ISIC_2468975,0
ISIC_2469770,0
ISIC_2470290,0
ISIC_2470542,0
ISIC_2470790,0
ISIC_2470795,0
ISIC_2470998,0
ISIC_2471483,0
ISIC_2472177,0
ISIC_2472214,0
ISIC_2472336,0
ISIC_2472529,0
ISIC_2472655,0
ISIC_2472848,0
ISIC_2474275,0
ISIC_2474406,0
ISIC_2474453,0
ISIC_2476092,0
ISIC_2476418,0
ISIC_2476422,0
ISIC_2476624,0
ISIC_2476876,0
ISIC_2477888,0
ISIC_2478012,0
ISIC_2478104,0
ISIC_2478860,0
ISIC_2479134,0
ISIC_2479269,0
ISIC_2479346,0
ISIC_2479388,0
ISIC_2479512,0
ISIC_2479876,0
ISIC_2480178,0
ISIC_2480315,0
ISIC_2480608,0
ISIC_2480615,0
ISIC_2480757,0
ISIC_2481044,1
ISIC_2481230,0
ISIC_2481408,0
ISIC_2482016,0
ISIC_2482061,0
ISIC_2482427,0
ISIC_2482653,0
ISIC_2482667,0
ISIC_2482687,0
ISIC_2482899,0
ISIC_2483334,0
ISIC_2483825,0
ISIC_2484404,0
ISIC_2484560,0
ISIC_2484586,0
ISIC_2484625,0
ISIC_2485946,0
ISIC_2486088,0
ISIC_2486598,0
ISIC_2486651,0
ISIC_2486891,0
ISIC_2487061,0
ISIC_2487173,0
ISIC_2487188,0
ISIC_2487524,0
ISIC_2487678,0
ISIC_2487716,0
ISIC_2488468,0
ISIC_2488899,0
ISIC_2489146,0
ISIC_2489471,0
ISIC_2489504,0
ISIC_2489834,0
ISIC_2490175,0
ISIC_2490282,0
ISIC_2490481,0
ISIC_2490493,0
ISIC_2491020,0
ISIC_2491124,0
ISIC_2491594,0
ISIC_2492245,0
ISIC_2492859,0
ISIC_2493376,0
ISIC_2493432,0
ISIC_2493730,0
ISIC_2494060,0
ISIC_2494296,0
ISIC_2494956,0
ISIC_2495303,0
ISIC_2495644,0
ISIC_2495722,0
ISIC_2495762,0
ISIC_2496053,0
ISIC_2496068,0
ISIC_2496332,0
ISIC_2496374,0
ISIC_2496831,0
ISIC_2496983,0
ISIC_2497305,0
ISIC_2497799,0
ISIC_2497814,0
ISIC_2498064,0
ISIC_2498076,0
ISIC_2498215,0
ISIC_2499417,0
ISIC_2499559,0
ISIC_2499678,0
ISIC_2500008,0
ISIC_2500087,0
ISIC_2500254,0
ISIC_2500433,0
ISIC_2500637,0
ISIC_2501496,0
ISIC_2502335,0
ISIC_2502377,0
ISIC_2502405,0
ISIC_2502558,0
ISIC_2502584,0
ISIC_2502855,0
ISIC_2503386,0
ISIC_2503789,0
ISIC_2504207,0
ISIC_2504659,0
ISIC_2505144,0
ISIC_2505880,0
ISIC_2506200,0
ISIC_2507096,0
ISIC_2507340,0
ISIC_2507701,0
ISIC_2507761,0
ISIC_2507845,0
ISIC_2507944,0
ISIC_2508032,0
ISIC_2508759,0
ISIC_2508901,0
ISIC_2509046,0
ISIC_2509304,0
ISIC_2509329,0
ISIC_2509358,0
ISIC_2509736,0
ISIC_2509796,0
ISIC_2509850,0
ISIC_2510255,0
ISIC_2510414,0
ISIC_2511249,0
ISIC_2511658,0
ISIC_2511771,0
ISIC_2511975,0
ISIC_2512163,0
ISIC_2512574,0
ISIC_2512817,0
ISIC_2513114,0
ISIC_2513338,0
ISIC_2513343,0
ISIC_2513481,0
ISIC_2513611,0
ISIC_2513933,0
ISIC_2514227,0
ISIC_2514482,0
ISIC_2514687,0
ISIC_2514994,0
ISIC_2515324,0
ISIC_2516069,0
ISIC_2516204,0
ISIC_2516636,0
ISIC_2517038,0
ISIC_2517072,0
ISIC_2517258,0
ISIC_2518266,0
ISIC_2518443,0
ISIC_2518505,0
ISIC_2518672,0
ISIC_2518896,0
ISIC_2519121,0
ISIC_2519178,0
ISIC_2519916,0
ISIC_2520419,0
ISIC_2520713,0
ISIC_2520736,0
ISIC_2520840,0
ISIC_2521424,0
ISIC_2521685,0
ISIC_2521947,0
ISIC_2522055,0
ISIC_2522677,0
ISIC_2523171,0
ISIC_2523219,0
ISIC_2523314,0
ISIC_2523676,0
ISIC_2523685,0
ISIC_2523776,0
ISIC_2523922,0
ISIC_2524005,0
ISIC_2524113,0
ISIC_2524385,0
ISIC_2524432,0
ISIC_2524580,0
ISIC_2524743,0
ISIC_2524822,0
ISIC_2525084,1
ISIC_2525592,0
ISIC_2525675,0
ISIC_2525962,0
ISIC_2526170,0
ISIC_2526675,0
ISIC_2526800,0
ISIC_2527238,0
ISIC_2527281,0
ISIC_2527485,0
ISIC_2528618,0
ISIC_2528656,0
ISIC_2529848,0
ISIC_2529871,0
ISIC_2530259,0
ISIC_2532039,0
ISIC_2532544,0
ISIC_2532643,0
ISIC_2532945,0
ISIC_2533114,0
ISIC_2535382,0
ISIC_2535541,1
ISIC_2535558,0
ISIC_2536100,0
ISIC_2536728,0
ISIC_2536779,0
ISIC_2536936,0
ISIC_2537370,0
ISIC_2537540,0
ISIC_2537583,0
ISIC_2537598,0
ISIC_2538378,0
ISIC_2538571,0
ISIC_2538629,0
ISIC_2539017,0
ISIC_2539034,0
ISIC_2539218,0
ISIC_2539287,0
ISIC_2539423,0
ISIC_2539861,0
ISIC_2540357,0
ISIC_2540408,0
ISIC_2540927,0
ISIC_2541375,0
ISIC_2541562,0
ISIC_2541572,0
ISIC_2541969,0
ISIC_2542073,0
ISIC_2542479,0
ISIC_2543280,0
ISIC_2544309,0
ISIC_2544870,0
ISIC_2545016,0
ISIC_2545299,0
ISIC_2545414,0
ISIC_2546094,0
ISIC_2546644,0
ISIC_2547007,0
ISIC_2547431,0
ISIC_2548805,0
ISIC_2549331,0
ISIC_2549673,0
ISIC_2549727,0
ISIC_2550148,0
ISIC_2550506,0
ISIC_2550872,0
ISIC_2550938,0
ISIC_2551260,0
ISIC_2552833,0
ISIC_2553070,0
ISIC_2553644,0
ISIC_2553652,0
ISIC_2553784,0
ISIC_2553934,0
ISIC_2553976,0
ISIC_2554114,0
ISIC_2554708,0
ISIC_2554825,0
ISIC_2554911,0
ISIC_2554942,0
ISIC_2555243,0
ISIC_2555358,0
ISIC_2555494,0
ISIC_2555662,0
ISIC_2555904,0
ISIC_2556187,0
ISIC_2556851,0
ISIC_2557951,0
ISIC_2558189,0
ISIC_2558439,0
ISIC_2558816,0
ISIC_2558940,0
ISIC_2559074,0
ISIC_2559472,0
ISIC_2559545,0
ISIC_2559596,0
ISIC_2560287,0
ISIC_2560301,0
ISIC_2560463,0
ISIC_2560645,0
ISIC_2561561,0
ISIC_2562444,0
ISIC_2562668,0
ISIC_2563374,0
ISIC_2563840,0
ISIC_2564319,0
ISIC_2564395,0
ISIC_2564952,0
ISIC_2565154,0
ISIC_2565206,1
ISIC_2565512,0
ISIC_2565986,0
ISIC_2566005,0
ISIC_2566319,0
ISIC_2566365,0
ISIC_2566820,0
ISIC_2567644,0
ISIC_2567786,0
ISIC_2567845,0
ISIC_2568066,0
ISIC_2568224,0
ISIC_2568374,0
ISIC_2568485,0
ISIC_2569851,0
ISIC_2570104,0
ISIC_2570413,0
ISIC_2570512,0
ISIC_2570708,0
ISIC_2570767,0
ISIC_2571343,0
ISIC_2571614,0
ISIC_2572370,0
ISIC_2572530,0
ISIC_2573712,0
ISIC_2574197,0
ISIC_2574344,0
ISIC_2574351,0
ISIC_2575480,0
ISIC_2575536,0
ISIC_2575894,0
ISIC_2577003,0
ISIC_2577147,0
ISIC_2577625,0
ISIC_2577881,0
ISIC_2577938,0
ISIC_2578478,0
ISIC_2578539,0
ISIC_2578624,0
ISIC_2578651,0
ISIC_2579390,0
ISIC_2579675,0
ISIC_2580289,0
ISIC_2580667,0
ISIC_2580689,0
ISIC_2580891,0
ISIC_2581307,0
ISIC_2581480,0
ISIC_2581536,0
ISIC_2581592,0
ISIC_2582493,0
ISIC_2582497,0
ISIC_2582511,0
ISIC_2583592,0
ISIC_2583900,0
ISIC_2584165,0
ISIC_2584872,0
ISIC_2584939,0
ISIC_2584999,0
ISIC_2585066,0
ISIC_2585839,0
ISIC_2586049,0
ISIC_2586109,0
ISIC_2586269,0
ISIC_2586487,0
ISIC_2586708,0
ISIC_2586805,0
ISIC_2586859,0
ISIC_2586937,0
ISIC_2586968,0
ISIC_2587002,0
ISIC_2587465,0
ISIC_2587535,0
ISIC_2587671,0
ISIC_2587913,0
ISIC_2587955,0
ISIC_2588140,0
ISIC_2588167,0
ISIC_2588529,0
ISIC_2588802,0
ISIC_2589000,0
ISIC_2589452,0
ISIC_2589797,0
ISIC_2590211,0
ISIC_2590278,0
ISIC_2590729,0
ISIC_2592034,0
ISIC_2592534,0
ISIC_2592814,0
ISIC_2592956,0
ISIC_2593795,0
ISIC_2594290,0
ISIC_2594901,0
ISIC_2595571,0
ISIC_2595590,0
ISIC_2596262,0
ISIC_2596390,0
ISIC_2596574,0
ISIC_2596814,0
ISIC_2597342,0
ISIC_2597678,0
ISIC_2597975,0
ISIC_2598044,0
ISIC_2598575,0
ISIC_2598702,0
ISIC_2598974,0
ISIC_2599134,0
ISIC_2599331,0
ISIC_2599583,0
ISIC_2599661,0
ISIC_2600152,0
ISIC_2600276,0
ISIC_2600607,0
ISIC_2600830,0
ISIC_2601107,0
ISIC_2601114,0
ISIC_2601156,0
ISIC_2601166,0
ISIC_2601537,0
ISIC_2601893,0
ISIC_2601943,0
ISIC_2602794,0
ISIC_2603420,0
ISIC_2603767,0
ISIC_2604029,0
ISIC_2604581,0
ISIC_2604813,0
ISIC_2605118,0
ISIC_2605120,0
ISIC_2605178,0
ISIC_2605567,0
ISIC_2605880,0
ISIC_2606024,0
ISIC_2606194,0
ISIC_2606720,0
ISIC_2607010,0
ISIC_2607827,1
ISIC_2608471,0
ISIC_2608944,0
ISIC_2609984,1
ISIC_2610420,0
ISIC_2610429,0
ISIC_2610709,0
ISIC_2610971,0
ISIC_2611077,0
ISIC_2611118,0
ISIC_2611977,0
ISIC_2612661,0
ISIC_2612780,0
ISIC_2612936,0
ISIC_2613002,0
ISIC_2613323,0
ISIC_2613405,0
ISIC_2614347,0
ISIC_2614904,0
ISIC_2616327,0
ISIC_2616343,0
ISIC_2616640,0
ISIC_2616719,0
ISIC_2616788,0
ISIC_2616987,0
ISIC_2617427,0
ISIC_2618092,0
ISIC_2618635,0
ISIC_2618834,0
ISIC_2618859,0
ISIC_2618902,0
ISIC_2619212,0
ISIC_2619533,0
ISIC_2619603,0
ISIC_2619698,0
ISIC_2620159,0
ISIC_2620357,0
ISIC_2620834,0
ISIC_2620837,0
ISIC_2621121,0
ISIC_2621205,0
ISIC_2621288,0
ISIC_2621493,0
ISIC_2622189,0
ISIC_2623016,0
ISIC_2623103,0
ISIC_2623538,0
ISIC_2623707,0
ISIC_2624189,0
ISIC_2624451,0
ISIC_2624460,0
ISIC_2625403,0
ISIC_2625420,0
ISIC_2625464,0
ISIC_2625510,0
ISIC_2625754,0
ISIC_2625884,0
ISIC_2626310,0
ISIC_2628563,0
ISIC_2628773,0
ISIC_2629618,0
ISIC_2629850,0
ISIC_2629965,0
ISIC_2629998,0
ISIC_2631302,0
ISIC_2631643,0
ISIC_2631789,0
ISIC_2632471,0
ISIC_2632587,0
ISIC_2632612,0
ISIC_2632683,0
ISIC_2633073,0
ISIC_2633540,0
ISIC_2633665,0
ISIC_2633745,0
ISIC_2633836,0
ISIC_2634356,0
ISIC_2634743,0
ISIC_2634902,0
ISIC_2635051,0
ISIC_2635492,0
ISIC_2636004,0
ISIC_2636012,0
ISIC_2636561,0
ISIC_2636628,0
ISIC_2636672,0
ISIC_2636747,0
ISIC_2637014,0
ISIC_2637323,0
ISIC_2637496,0
ISIC_2637608,1
ISIC_2637795,0
ISIC_2637968,0
ISIC_2638179,0
ISIC_2638310,0
ISIC_2638895,0
ISIC_2639079,0
ISIC_2639144,0
ISIC_2639174,0
ISIC_2639547,0
ISIC_2641026,0
ISIC_2641186,0
ISIC_2642187,0
ISIC_2642742,0
ISIC_2642873,0
ISIC_2643130,0
ISIC_2643411,0
ISIC_2643646,0
ISIC_2644189,0
ISIC_2644382,0
ISIC_2644457,0
ISIC_2644620,0
ISIC_2644876,0
ISIC_2644988,0
ISIC_2645159,0
ISIC_2645314,0
ISIC_2645333,0
ISIC_2645615,0
ISIC_2645655,0
ISIC_2645689,0
ISIC_2646316,0
ISIC_2646761,0
ISIC_2646829,1
ISIC_2646893,0
ISIC_2647070,0
ISIC_2647198,0
ISIC_2647269,0
ISIC_2647453,0
ISIC_2647643,0
ISIC_2647657,0
ISIC_2648018,0
ISIC_2648261,0
ISIC_2648368,0
ISIC_2648376,0
ISIC_2649275,0
ISIC_2649657,0
ISIC_2649999,0
ISIC_2650222,0
ISIC_2650468,0
ISIC_2650571,0
ISIC_2651049,0
ISIC_2651065,0
ISIC_2652502,0
ISIC_2652721,0
ISIC_2652786,0
ISIC_2652808,0
ISIC_2653098,0
ISIC_2653214,0
ISIC_2653824,0
ISIC_2654197,0
ISIC_2654412,0
ISIC_2654417,0
ISIC_2654937,0
ISIC_2655423,0
ISIC_2656544,0
ISIC_2656666,0
ISIC_2656780,0
ISIC_2656925,0
ISIC_2657193,0
ISIC_2657843,0
ISIC_2657913,0
ISIC_2657946,0
ISIC_2658460,0
ISIC_2658854,0
ISIC_2658858,0
ISIC_2659107,0
ISIC_2659591,0
ISIC_2659654,0
ISIC_2659758,0
ISIC_2660062,0
ISIC_2660216,0
ISIC_2660535,0
ISIC_2660641,0
ISIC_2660796,0
ISIC_2661598,0
ISIC_2661646,0
ISIC_2662187,0
ISIC_2662644,0
ISIC_2662834,0
ISIC_2663010,0
ISIC_2664946,0
ISIC_2664973,0
ISIC_2665039,0
ISIC_2665263,0
ISIC_2665269,0
ISIC_2665447,0
ISIC_2665487,0
ISIC_2665498,0
ISIC_2665652,0
ISIC_2666491,0
ISIC_2666632,0
ISIC_2667199,0
ISIC_2667748,0
ISIC_2667784,0
ISIC_2667803,0
ISIC_2667921,0
ISIC_2668481,1
ISIC_2668653,0
ISIC_2668705,0
ISIC_2669526,0
ISIC_2669835,0
ISIC_2670475,0
ISIC_2670619,0
ISIC_2671038,0
ISIC_2671268,0
ISIC_2671727,0
ISIC_2671817,0
ISIC_2672001,0
ISIC_2672379,0
ISIC_2672587,0
ISIC_2673076,0
ISIC_2673511,0
ISIC_2673586,0
ISIC_2673608,0
ISIC_2673716,0
ISIC_2673871,0
ISIC_2674129,0
ISIC_2674517,0
ISIC_2675539,0
ISIC_2676009,0
ISIC_2676318,0
ISIC_2676685,0
ISIC_2676784,0
ISIC_2676829,0
ISIC_2677545,0
ISIC_2677873,0
ISIC_2678247,0
ISIC_2678325,0
ISIC_2679051,0
ISIC_2679138,0
ISIC_2679262,0
ISIC_2679295,0
ISIC_2679689,0
ISIC_2679918,0
ISIC_2679975,0
ISIC_2680511,0
ISIC_2680588,0
ISIC_2680640,0
ISIC_2680689,0
ISIC_2680842,0
ISIC_2681055,0
ISIC_2681259,0
ISIC_2681497,0
ISIC_2682598,0
ISIC_2682788,0
ISIC_2682841,0
ISIC_2682861,0
ISIC_2683083,0
ISIC_2683125,0
ISIC_2683271,0
ISIC_2683599,0
ISIC_2684246,0
ISIC_2684374,0
ISIC_2684745,0
ISIC_2684903,0
ISIC_2685044,0
ISIC_2685263,0
ISIC_2685457,0
ISIC_2685523,0
ISIC_2685592,0
ISIC_2685593,1
ISIC_2685628,0
ISIC_2685681,0
ISIC_2686026,0
ISIC_2686183,0
ISIC_2687068,0
ISIC_2687164,0
ISIC_2687175,0
ISIC_2687641,0
ISIC_2688050,0
ISIC_2688084,0
ISIC_2688675,0
ISIC_2688897,0
ISIC_2689731,0
ISIC_2689912,0
ISIC_2690597,0
ISIC_2690733,0
ISIC_2690952,0
ISIC_2691209,0
ISIC_2691211,0
ISIC_2691267,0
ISIC_2691416,0
ISIC_2691727,0
ISIC_2692262,0
ISIC_2692366,0
ISIC_2693385,0
ISIC_2693412,0
ISIC_2693507,0
ISIC_2694059,0
ISIC_2694383,0
ISIC_2695497,0
ISIC_2696344,0
ISIC_2696646,0
ISIC_2696668,0
ISIC_2697083,1
ISIC_2697112,0
ISIC_2697895,0
ISIC_2697910,0
ISIC_2698234,0
ISIC_2698722,0
ISIC_2699336,0
ISIC_2699791,0
ISIC_2699903,0
ISIC_2700247,0
ISIC_2700308,0
ISIC_2700320,1
ISIC_2700545,0
ISIC_2700558,0
ISIC_2700700,0
ISIC_2700731,0
ISIC_2700802,0
ISIC_2701627,0
ISIC_2701997,0
ISIC_2702929,0
ISIC_2702938,0
ISIC_2703447,0
ISIC_2703816,0
ISIC_2704045,0
ISIC_2704046,0
ISIC_2704072,0
ISIC_2704082,0
ISIC_2705052,0
ISIC_2706358,0
ISIC_2706378,0
ISIC_2706407,0
ISIC_2706427,0
ISIC_2707375,0
ISIC_2707560,0
ISIC_2707664,0
ISIC_2708616,0
ISIC_2708737,0
ISIC_2709109,0
ISIC_2709809,0
ISIC_2709961,0
ISIC_2710887,0
ISIC_2711019,0
ISIC_2711084,0
ISIC_2711160,0
ISIC_2711946,0
ISIC_2712018,0
ISIC_2712126,0
ISIC_2712447,0
ISIC_2714069,0
ISIC_2714496,0
ISIC_2714572,0
ISIC_2714907,0
ISIC_2715024,0
ISIC_2715339,0
ISIC_2715441,0
ISIC_2715791,0
ISIC_2716284,0
ISIC_2716425,0
ISIC_2716574,0
ISIC_2716912,0
ISIC_2716925,0
ISIC_2717587,0
ISIC_2717628,0
ISIC_2717649,0
ISIC_2718103,0
ISIC_2718135,0
ISIC_2718199,0
ISIC_2718684,0
ISIC_2718966,0
ISIC_2719165,0
ISIC_2719558,0
ISIC_2720231,0
ISIC_2720426,0
ISIC_2720790,0
ISIC_2720851,0
ISIC_2720971,1
ISIC_2721178,0
ISIC_2721512,0
ISIC_2721543,0
ISIC_2721699,0
ISIC_2721934,0
ISIC_2722070,0
ISIC_2722607,0
ISIC_2722940,0
ISIC_2723407,0
ISIC_2723413,0
ISIC_2723438,0
ISIC_2724278,0
ISIC_2724529,1
ISIC_2725183,0
ISIC_2725196,0
ISIC_2726186,0
ISIC_2726326,0
ISIC_2726570,0
ISIC_2726665,0
ISIC_2727016,0
ISIC_2727309,0
ISIC_2727651,0
ISIC_2728024,0
ISIC_2728181,0
ISIC_2728348,0
ISIC_2729109,0
ISIC_2729409,0
ISIC_2729747,0
ISIC_2729893,0
ISIC_2730170,0
ISIC_2730243,0
ISIC_2730501,0
ISIC_2730610,0
ISIC_2730629,0
ISIC_2730948,0
ISIC_2731386,0
ISIC_2731621,0
ISIC_2731847,0
ISIC_2731957,0
ISIC_2732429,0
ISIC_2732573,0
ISIC_2732720,0
ISIC_2732938,0
ISIC_2733013,0
ISIC_2733043,0
ISIC_2733056,0
ISIC_2733902,0
ISIC_2734025,0
ISIC_2734817,0
ISIC_2735051,0
ISIC_2735273,0
ISIC_2735620,0
ISIC_2735672,0
ISIC_2735720,0
ISIC_2735754,0
ISIC_2735846,0
ISIC_2736340,0
ISIC_2736540,0
ISIC_2736625,0
ISIC_2736793,0
ISIC_2736880,0
ISIC_2737372,0
ISIC_2738454,0
ISIC_2738630,0
ISIC_2738992,0
ISIC_2739018,0
ISIC_2739124,0
ISIC_2739449,1
ISIC_2739481,0
ISIC_2739547,0
ISIC_2739702,0
ISIC_2740756,0
ISIC_2740815,0
ISIC_2741564,0
ISIC_2741583,0
ISIC_2741716,0
ISIC_2741857,0
ISIC_2741962,0
ISIC_2741984,0
ISIC_2741998,0
ISIC_2742256,0
ISIC_2742503,0
ISIC_2742674,0
ISIC_2742786,0
ISIC_2742870,0
ISIC_2743014,0
ISIC_2743075,0
ISIC_2743708,0
ISIC_2743947,0
ISIC_2744153,0
ISIC_2744850,0
ISIC_2744859,0
ISIC_2746001,0
ISIC_2746051,0
ISIC_2746191,0
ISIC_2746282,0
ISIC_2746294,0
ISIC_2746860,0
ISIC_2746974,0
ISIC_2747136,0
ISIC_2747610,0
ISIC_2747650,0
ISIC_2747749,0
ISIC_2747882,0
ISIC_2748148,0
ISIC_2748608,0
ISIC_2748736,0
ISIC_2748873,0
ISIC_2748880,0
ISIC_2748975,0
ISIC_2749059,0
ISIC_2749097,0
ISIC_2749240,0
ISIC_2750230,1
ISIC_2750577,0
ISIC_2750991,0
ISIC_2751294,0
ISIC_2751781,0
ISIC_2751896,0
ISIC_2752102,0
ISIC_2752297,0
ISIC_2752339,0
ISIC_2752607,0
ISIC_2752919,0
ISIC_2753279,0
ISIC_2753812,0
ISIC_2753908,0
ISIC_2754170,0
ISIC_2754186,0
ISIC_2754253,0
ISIC_2754616,0
ISIC_2754949,0
ISIC_2755037,0
ISIC_2755395,0
ISIC_2755502,0
ISIC_2755667,0
ISIC_2757276,0
ISIC_2757355,1
ISIC_2757414,0
ISIC_2757619,0
ISIC_2757957,0
ISIC_2758755,0
ISIC_2758999,0
ISIC_2759098,0
ISIC_2759834,0
ISIC_2760037,0
ISIC_2760737,0
ISIC_2760961,0
ISIC_2761440,0
ISIC_2761471,0
ISIC_2761622,0
ISIC_2761854,0
ISIC_2762298,0
ISIC_2762866,0
ISIC_2762964,0
ISIC_2763029,0
ISIC_2763060,0
ISIC_2763919,0
ISIC_2764032,0
ISIC_2764407,0
ISIC_2764507,0
ISIC_2765023,0
ISIC_2765253,0
ISIC_2766061,0
ISIC_2766683,0
ISIC_2766908,0
ISIC_2767991,0
ISIC_2768150,0
ISIC_2768594,0
ISIC_2768787,0
ISIC_2768800,0
ISIC_2768929,0
ISIC_2769221,0
ISIC_2769292,0
ISIC_2769835,0
ISIC_2771657,0
ISIC_2771979,0
ISIC_2772066,0
ISIC_2772217,0
ISIC_2772581,0
ISIC_2772616,0
ISIC_2773044,0
ISIC_2773261,0
ISIC_2773465,0
ISIC_2773596,0
ISIC_2774435,0
ISIC_2774703,0
ISIC_2775157,0
ISIC_2775638,0
ISIC_2776005,0
ISIC_2776098,0
ISIC_2776151,0
ISIC_2776488,0
ISIC_2776702,0
ISIC_2776906,1
ISIC_2776986,0
ISIC_2777123,0
ISIC_2777137,0
ISIC_2777270,0
ISIC_2778027,0
ISIC_2778113,0
ISIC_2778131,0
ISIC_2778166,0
ISIC_2778247,0
ISIC_2778737,0
ISIC_2778855,0
ISIC_2779274,0
ISIC_2779357,0
ISIC_2779433,0
ISIC_2779521,0
ISIC_2779609,0
ISIC_2779787,0
ISIC_2779797,0
ISIC_2780122,0
ISIC_2780413,0
ISIC_2781088,0
ISIC_2781254,0
ISIC_2782066,0
ISIC_2782221,0
ISIC_2782415,0
ISIC_2782870,0
ISIC_2783331,0
ISIC_2783450,0
ISIC_2783475,0
ISIC_2783541,0
ISIC_2783810,0
ISIC_2784664,0
ISIC_2784686,0
ISIC_2784965,0
ISIC_2784986,0
ISIC_2785296,0
ISIC_2785789,0
ISIC_2786082,0
ISIC_2786160,0
ISIC_2786246,0
ISIC_2786263,0
ISIC_2786378,0
ISIC_2786383,0
ISIC_2787700,0
ISIC_2787702,1
ISIC_2788026,0
ISIC_2788286,0
ISIC_2788802,0
ISIC_2788847,0
ISIC_2788933,0
ISIC_2789145,0
ISIC_2789384,0
ISIC_2790255,0
ISIC_2790365,0
ISIC_2790561,0
ISIC_2790630,0
ISIC_2791045,0
ISIC_2791338,0
ISIC_2791755,0
ISIC_2791903,0
ISIC_2792035,0
ISIC_2792214,0
ISIC_2792248,0
ISIC_2792606,0
ISIC_2793085,0
ISIC_2793142,0
ISIC_2793638,0
ISIC_2793686,0
ISIC_2793903,0
ISIC_2793989,0
ISIC_2794624,0
ISIC_2794836,0
ISIC_2794874,0
ISIC_2795016,0
ISIC_2795036,0
ISIC_2795157,0
ISIC_2795165,0
ISIC_2795397,0
ISIC_2795765,0
ISIC_2795826,0
ISIC_2795838,0
ISIC_2796461,0
ISIC_2797210,0
ISIC_2797353,1
ISIC_2797576,0
ISIC_2797668,0
ISIC_2797695,0
ISIC_2797898,0
ISIC_2798100,0
ISIC_2798803,0
ISIC_2798939,0
ISIC_2798950,0
ISIC_2799004,0
ISIC_2799242,0
ISIC_2799447,0
ISIC_2799701,0
ISIC_2799787,0
ISIC_2799892,0
ISIC_2800015,0
ISIC_2800079,0
ISIC_2800198,0
ISIC_2801008,0
ISIC_2801042,0
ISIC_2801126,0
ISIC_2801187,0
ISIC_2801440,0
ISIC_2801761,0
ISIC_2801819,0
ISIC_2802549,0
ISIC_2803072,0
ISIC_2803212,0
ISIC_2803587,0
ISIC_2803733,0
ISIC_2804019,0
ISIC_2804023,0
ISIC_2804780,0
ISIC_2804864,0
ISIC_2804902,0
ISIC_2805443,0
ISIC_2805573,0
ISIC_2805634,0
ISIC_2806424,0
ISIC_2807121,0
ISIC_2807162,0
ISIC_2807429,0
ISIC_2808187,0
ISIC_2808280,0
ISIC_2808323,0
ISIC_2808424,0
ISIC_2808622,0
ISIC_2809019,0
ISIC_2809103,0
ISIC_2809880,0
ISIC_2810451,0
ISIC_2810793,0
ISIC_2811080,0
ISIC_2811348,0
ISIC_2811433,0
ISIC_2811564,0
ISIC_2811847,0
ISIC_2811886,0
ISIC_2811896,0
ISIC_2812230,0
ISIC_2812270,0
ISIC_2812732,0
ISIC_2814638,0
ISIC_2814675,0
ISIC_2814715,0
ISIC_2815040,0
ISIC_2815222,0
ISIC_2816284,0
ISIC_2817153,0
ISIC_2817214,0
ISIC_2817348,0
ISIC_2817548,0
ISIC_2817594,0
ISIC_2817772,0
ISIC_2817816,0
ISIC_2817836,0
ISIC_2817878,0
ISIC_2818042,0
ISIC_2818465,0
ISIC_2818474,0
ISIC_2818530,0
ISIC_2818953,0
ISIC_2819603,0
ISIC_2819721,0
ISIC_2819798,0
ISIC_2820050,0
ISIC_2820278,0
ISIC_2820344,0
ISIC_2821172,0
ISIC_2821580,0
ISIC_2821812,0
ISIC_2822622,0
ISIC_2822718,1
ISIC_2822749,0
ISIC_2823287,1
ISIC_2823929,0
ISIC_2824280,0
ISIC_2824296,0
ISIC_2824364,0
ISIC_2824368,0
ISIC_2824478,0
ISIC_2824679,0
ISIC_2824970,0
ISIC_2826618,0
ISIC_2826625,0
ISIC_2826766,0
ISIC_2827098,0
ISIC_2827155,0
ISIC_2827638,0
ISIC_2827719,0
ISIC_2828001,0
ISIC_2828221,0
ISIC_2828236,0
ISIC_2828553,0
ISIC_2828861,0
ISIC_2828977,0
ISIC_2829017,0
ISIC_2829088,0
ISIC_2829107,0
ISIC_2829414,0
ISIC_2829466,0
ISIC_2829644,0
ISIC_2830650,0
ISIC_2830887,0
ISIC_2831416,0
ISIC_2831814,0
ISIC_2832203,0
ISIC_2832507,0
ISIC_2832548,0
ISIC_2832584,0
ISIC_2832595,0
ISIC_2833053,0
ISIC_2833156,0
ISIC_2833213,0
ISIC_2834175,0
ISIC_2834840,0
ISIC_2836038,0
ISIC_2836872,0
ISIC_2837000,0
ISIC_2837364,0
ISIC_2837581,1
ISIC_2837876,0
ISIC_2838426,0
ISIC_2838960,0
ISIC_2839053,0
ISIC_2839112,0
ISIC_2839431,0
ISIC_2840136,0
ISIC_2840727,0
ISIC_2840947,0
ISIC_2841132,0
ISIC_2841488,0
ISIC_2841630,0
ISIC_2841735,0
ISIC_2841861,0
ISIC_2842470,0
ISIC_2842532,0
ISIC_2842898,0
ISIC_2843206,0
ISIC_2843245,0
ISIC_2843983,0
ISIC_2844085,0
ISIC_2844539,1
ISIC_2845104,0
ISIC_2845237,0
ISIC_2845297,0
ISIC_2845758,0
ISIC_2845831,0
ISIC_2845856,0
ISIC_2846217,0
ISIC_2846402,0
ISIC_2846882,0
ISIC_2847358,0
ISIC_2847555,0
ISIC_2848606,0
ISIC_2848654,0
ISIC_2849229,0
ISIC_2849353,0
ISIC_2849717,0
ISIC_2850143,0
ISIC_2850155,0
ISIC_2850190,0
ISIC_2850769,0
ISIC_2851852,0
ISIC_2852497,0
ISIC_2852805,0
ISIC_2853222,0
ISIC_2853290,0
ISIC_2853454,0
ISIC_2853584,0
ISIC_2853981,0
ISIC_2854220,0
ISIC_2854303,0
ISIC_2854416,0
ISIC_2854610,0
ISIC_2855052,0
ISIC_2855191,0
ISIC_2855326,0
ISIC_2855626,0
ISIC_2856521,0
ISIC_2856658,0
ISIC_2857027,0
ISIC_2857174,0
ISIC_2857529,0
ISIC_2858035,0
ISIC_2858419,0
ISIC_2858957,0
ISIC_2859012,0
ISIC_2859638,0
ISIC_2859888,0
ISIC_2860230,0
ISIC_2860548,0
ISIC_2860618,0
ISIC_2860749,0
ISIC_2860800,0
ISIC_2861317,0
ISIC_2861373,0
ISIC_2861546,0
ISIC_2861561,0
ISIC_2861793,0
ISIC_2861803,0
ISIC_2863172,0
ISIC_2863278,0
ISIC_2863397,0
ISIC_2863623,0
ISIC_2863774,0
ISIC_2863809,0
ISIC_2864316,0
ISIC_2864383,0
ISIC_2864550,0
ISIC_2864893,0
ISIC_2865011,0
ISIC_2865199,0
ISIC_2867740,0
ISIC_2867958,0
ISIC_2868199,0
ISIC_2868741,0
ISIC_2869236,0
ISIC_2869310,0
ISIC_2869420,0
ISIC_2869813,0
ISIC_2870556,0
ISIC_2871070,0
ISIC_2871230,1
ISIC_2871437,0
ISIC_2871456,0
ISIC_2872107,0
ISIC_2872201,0
ISIC_2872349,0
ISIC_2872765,0
ISIC_2872769,0
ISIC_2872879,0
ISIC_2873294,0
ISIC_2874203,0
ISIC_2874218,0
ISIC_2874706,0
ISIC_2874940,0
ISIC_2875622,0
ISIC_2875807,0
ISIC_2876073,0
ISIC_2876105,0
ISIC_2876194,0
ISIC_2876651,0
ISIC_2876881,0
ISIC_2876963,0
ISIC_2877029,0
ISIC_2878344,0
ISIC_2879095,0
ISIC_2879257,0
ISIC_2879267,0
ISIC_2879512,0
ISIC_2879661,0
ISIC_2880655,0
ISIC_2881128,0
ISIC_2881263,0
ISIC_2881561,0
ISIC_2882129,0
ISIC_2882172,0
ISIC_2882237,0
ISIC_2882462,0
ISIC_2882515,0
ISIC_2882945,0
ISIC_2884405,0
ISIC_2885086,0
ISIC_2885265,0
ISIC_2885796,0
ISIC_2885968,0
ISIC_2887033,0
ISIC_2887355,0
ISIC_2887668,0
ISIC_2887690,0
ISIC_2887897,0
ISIC_2888272,0
ISIC_2888638,0
ISIC_2888815,0
ISIC_2889208,0
ISIC_2889385,0
ISIC_2889562,0
ISIC_2889670,0
ISIC_2889981,0
ISIC_2891694,0
ISIC_2891788,0
ISIC_2891834,0
ISIC_2891869,0
ISIC_2892069,0
ISIC_2892382,0
ISIC_2892384,0
ISIC_2892593,0
ISIC_2893340,0
ISIC_2893496,0
ISIC_2893823,0
ISIC_2893887,0
ISIC_2894067,0
ISIC_2894185,0
ISIC_2894223,0
ISIC_2894809,0
ISIC_2895308,0
ISIC_2895418,0
ISIC_2895469,0
ISIC_2895555,1
ISIC_2896208,0
ISIC_2896341,0
ISIC_2896424,0
ISIC_2897249,0
ISIC_2897997,0
ISIC_2898108,0
ISIC_2898174,0
ISIC_2898780,0
ISIC_2898886,0
ISIC_2899829,0
ISIC_2899837,0
ISIC_2900048,0
ISIC_2900069,0
ISIC_2900357,0
ISIC_2901605,0
ISIC_2901680,0
ISIC_2901944,0
ISIC_2901951,0
ISIC_2902129,0
ISIC_2902221,0
ISIC_2902328,0
ISIC_2902504,0
ISIC_2903423,0
ISIC_2903756,0
ISIC_2903941,0
ISIC_2904067,0
ISIC_2904474,0
ISIC_2904655,0
ISIC_2904794,0
ISIC_2904884,0
ISIC_2904907,0
ISIC_2905777,0
ISIC_2906030,0
ISIC_2906486,0
ISIC_2906792,0
ISIC_2907527,0
ISIC_2907732,0
ISIC_2907942,0
ISIC_2908193,0
ISIC_2908315,0
ISIC_2908353,0
ISIC_2908421,0
ISIC_2908941,0
ISIC_2909153,0
ISIC_2909958,0
ISIC_2909968,0
ISIC_2910474,0
ISIC_2910576,0
ISIC_2910609,0
ISIC_2910705,0
ISIC_2910834,0
ISIC_2911251,0
ISIC_2912191,0
ISIC_2912321,0
ISIC_2912335,0
ISIC_2913019,0
ISIC_2913484,0
ISIC_2913917,0
ISIC_2914160,0
ISIC_2914185,0
ISIC_2914304,0
ISIC_2914353,0
ISIC_2914669,0
ISIC_2914866,0
ISIC_2914880,0
ISIC_2915747,0
ISIC_2915930,0
ISIC_2916164,0
ISIC_2916248,0
ISIC_2916500,0
ISIC_2916510,0
ISIC_2916677,0
ISIC_2917164,0
ISIC_2917288,0
ISIC_2917372,0
ISIC_2917378,0
ISIC_2917467,0
ISIC_2918117,0
ISIC_2918128,0
ISIC_2918692,0
ISIC_2919360,0
ISIC_2919624,0
ISIC_2920639,0
ISIC_2920940,0
ISIC_2921459,0
ISIC_2921537,0
ISIC_2921549,0
ISIC_2921679,0
ISIC_2921933,0
ISIC_2922099,0
ISIC_2922104,0
ISIC_2922270,0
ISIC_2922381,0
ISIC_2923483,0
ISIC_2923525,0
ISIC_2923530,0
ISIC_2924066,0
ISIC_2924281,0
ISIC_2924346,0
ISIC_2924418,0
ISIC_2924486,0
ISIC_2924748,0
ISIC_2924968,0
ISIC_2925481,0
ISIC_2925512,0
ISIC_2925891,0
ISIC_2926076,0
ISIC_2927109,0
ISIC_2927205,0
ISIC_2927289,0
ISIC_2927587,0
ISIC_2927673,0
ISIC_2927891,0
ISIC_2928274,0
ISIC_2928278,0
ISIC_2928868,0
ISIC_2929184,0
ISIC_2929755,0
ISIC_2929993,0
ISIC_2930312,0
ISIC_2930522,0
ISIC_2930792,0
ISIC_2931458,0
ISIC_2932418,0
ISIC_2932886,0
ISIC_2933202,0
ISIC_2933799,0
ISIC_2934051,0
ISIC_2934679,0
ISIC_2935682,0
ISIC_2935987,0
ISIC_2936321,0
ISIC_2937407,0
ISIC_2937642,1
ISIC_2937815,0
ISIC_2937826,0
ISIC_2938260,0
ISIC_2938284,0
ISIC_2939330,0
ISIC_2939356,0
ISIC_2939734,0
ISIC_2939802,0
ISIC_2940684,0
ISIC_2940763,0
ISIC_2940803,0
ISIC_2941103,0
ISIC_2941288,0
ISIC_2941560,0
ISIC_2942057,0
ISIC_2942220,0
ISIC_2943089,0
ISIC_2943284,0
ISIC_2943327,0
ISIC_2944480,0
ISIC_2944487,0
ISIC_2944844,0
ISIC_2945072,0
ISIC_2945310,0
ISIC_2945324,0
ISIC_2945640,0
ISIC_2945891,0
ISIC_2946123,0
ISIC_2946202,0
ISIC_2946577,0
ISIC_2946626,0
ISIC_2946999,0
ISIC_2947038,0
ISIC_2947145,0
ISIC_2947742,0
ISIC_2948339,0
ISIC_2948347,0
ISIC_2948741,0
ISIC_2948780,0
ISIC_2948811,0
ISIC_2948896,0
ISIC_2949131,0
ISIC_2949980,0
ISIC_2950182,0
ISIC_2950391,0
ISIC_2950632,0
ISIC_2950671,0
ISIC_2951012,0
ISIC_2951492,0
ISIC_2951662,0
ISIC_2951741,0
ISIC_2951758,0
ISIC_2952446,0
ISIC_2952684,0
ISIC_2953179,0
ISIC_2953279,0
ISIC_2953711,0
ISIC_2953742,0
ISIC_2953962,0
ISIC_2954014,0
ISIC_2954294,0
ISIC_2954526,0
ISIC_2954564,0
ISIC_2954968,0
ISIC_2955499,0
ISIC_2955610,0
ISIC_2956763,0
ISIC_2956783,0
ISIC_2957069,0
ISIC_2957102,0
ISIC_2957196,0
ISIC_2957595,0
ISIC_2957732,1
ISIC_2957926,0
ISIC_2958240,0
ISIC_2958266,0
ISIC_2958837,0
ISIC_2959719,0
ISIC_2960377,0
ISIC_2960995,0
ISIC_2961141,0
ISIC_2961666,0
ISIC_2962034,0
ISIC_2962719,0
ISIC_2962731,0
ISIC_2962753,0
ISIC_2962946,0
ISIC_2963027,0
ISIC_2963146,0
ISIC_2963172,0
ISIC_2963464,0
ISIC_2963478,0
ISIC_2964397,0
ISIC_2964496,0
ISIC_2966043,0
ISIC_2966047,0
ISIC_2967024,1
ISIC_2967140,0
ISIC_2968243,0
ISIC_2968272,0
ISIC_2968532,0
ISIC_2968542,0
ISIC_2968668,0
ISIC_2968871,0
ISIC_2969055,0
ISIC_2969101,0
ISIC_2969250,0
ISIC_2969301,0
ISIC_2969373,0
ISIC_2969502,0
ISIC_2969557,0
ISIC_2969968,0
ISIC_2970312,0
ISIC_2970409,0
ISIC_2970632,0
ISIC_2971389,0
ISIC_2971756,0
ISIC_2971969,0
ISIC_2972948,0
ISIC_2973059,0
ISIC_2973595,0
ISIC_2974135,0
ISIC_2974155,0
ISIC_2974214,1
ISIC_2974557,0
ISIC_2974884,0
ISIC_2975553,0
ISIC_2975580,1
ISIC_2975603,0
ISIC_2975904,0
ISIC_2976115,0
ISIC_2976789,0
ISIC_2977144,0
ISIC_2977336,0
ISIC_2977718,0
ISIC_2977985,0
ISIC_2978327,0
ISIC_2978336,0
ISIC_2978592,0
ISIC_2978682,0
ISIC_2978983,0
ISIC_2979268,1
ISIC_2979550,0
ISIC_2980578,0
ISIC_2980633,0
ISIC_2980866,0
ISIC_2981104,0
ISIC_2981762,0
ISIC_2981881,0
ISIC_2981912,0
ISIC_2982175,0
ISIC_2982232,0
ISIC_2982274,0
ISIC_2982357,0
ISIC_2982630,0
ISIC_2982883,0
ISIC_2982895,0
ISIC_2982945,0
ISIC_2983041,0
ISIC_2983437,0
ISIC_2984214,0
ISIC_2984437,0
ISIC_2984737,0
ISIC_2985067,0
ISIC_2985247,0
ISIC_2985322,0
ISIC_2985724,0
ISIC_2985753,0
ISIC_2985966,0
ISIC_2986014,0
ISIC_2986186,0
ISIC_2986565,0
ISIC_2986684,0
ISIC_2986752,0
ISIC_2987579,0
ISIC_2987613,1
ISIC_2987630,0
ISIC_2987677,0
ISIC_2988437,0
ISIC_2988460,0
ISIC_2988753,0
ISIC_2988832,0
ISIC_2988939,0
ISIC_2988993,0
ISIC_2989425,0
ISIC_2989918,0
ISIC_2990155,0
ISIC_2990228,0
ISIC_2990503,0
ISIC_2990722,0
ISIC_2991680,0
ISIC_2991936,0
ISIC_2991986,0
ISIC_2993032,0
ISIC_2993197,0
ISIC_2993517,0
ISIC_2993530,0
ISIC_2994085,0
ISIC_2994633,0
ISIC_2994684,0
ISIC_2994772,0
ISIC_2995521,0
ISIC_2995801,0
ISIC_2996057,0
ISIC_2996391,0
ISIC_2996668,0
ISIC_2996690,0
ISIC_2996791,0
ISIC_2996964,0
ISIC_2997601,0
ISIC_2998107,0
ISIC_2998367,0
ISIC_2998411,0
ISIC_2998670,0
ISIC_2999015,0
ISIC_2999018,0
ISIC_2999440,0
ISIC_2999582,0
ISIC_2999685,0
ISIC_3000569,0
ISIC_3000859,0
ISIC_3001328,0
ISIC_3001380,0
ISIC_3001462,0
ISIC_3001941,0
ISIC_3002635,0
ISIC_3002956,1
ISIC_3003111,0
ISIC_3003137,0
ISIC_3003273,0
ISIC_3003397,0
ISIC_3003513,0
ISIC_3003544,0
ISIC_3003627,0
ISIC_3003666,0
ISIC_3003779,0
ISIC_3004041,0
ISIC_3004278,0
ISIC_3004646,0
ISIC_3005396,0
ISIC_3005651,0
ISIC_3006054,0
ISIC_3006101,0
ISIC_3006279,0
ISIC_3006507,0
ISIC_3007232,0
ISIC_3007732,0
ISIC_3008060,0
ISIC_3008399,0
ISIC_3008419,0
ISIC_3008539,0
ISIC_3008916,0
ISIC_3009493,0
ISIC_3009564,0
ISIC_3009877,1
ISIC_3009892,0
ISIC_3009930,0
ISIC_3010059,0
ISIC_3010072,0
ISIC_3010219,0
ISIC_3010487,0
ISIC_3010550,0
ISIC_3010577,0
ISIC_3010582,0
ISIC_3010681,0
ISIC_3011066,0
ISIC_3011638,0
ISIC_3011836,0
ISIC_3012305,0
ISIC_3012527,0
ISIC_3012699,0
ISIC_3012778,0
ISIC_3013468,0
ISIC_3013569,0
ISIC_3014965,0
ISIC_3015774,0
ISIC_3016219,0
ISIC_3016696,0
ISIC_3016754,0
ISIC_3016859,0
ISIC_3017808,0
ISIC_3017950,0
ISIC_3018092,0
ISIC_3018184,0
ISIC_3018475,0
ISIC_3018550,0
ISIC_3019041,0
ISIC_3019176,0
ISIC_3019509,0
ISIC_3020139,0
ISIC_3020913,0
ISIC_3021188,0
ISIC_3021496,0
ISIC_3022527,0
ISIC_3023048,0
ISIC_3023294,0
ISIC_3023452,0
ISIC_3023646,1
ISIC_3023901,0
ISIC_3024209,0
ISIC_3024326,0
ISIC_3024600,0
ISIC_3024903,0
ISIC_3025189,0
ISIC_3025329,0
ISIC_3025468,0
ISIC_3025758,0
ISIC_3025780,0
ISIC_3025889,1
ISIC_3026023,0
ISIC_3026660,0
ISIC_3026934,0
ISIC_3027105,0
ISIC_3027400,0
ISIC_3028173,0
ISIC_3028705,0
ISIC_3028754,1
ISIC_3028883,0
ISIC_3029087,0
ISIC_3029421,0
ISIC_3029937,0
ISIC_3030015,0
ISIC_3030065,0
ISIC_3030351,0
ISIC_3031102,0
ISIC_3031937,0
ISIC_3031999,0
ISIC_3033120,0
ISIC_3033290,0
ISIC_3033977,0
ISIC_3034292,0
ISIC_3034390,0
ISIC_3034548,0
ISIC_3034921,0
ISIC_3034987,0
ISIC_3035379,0
ISIC_3035461,0
ISIC_3037138,0
ISIC_3037638,0
ISIC_3037890,0
ISIC_3037952,0
ISIC_3038869,0
ISIC_3038950,0
ISIC_3039519,0
ISIC_3039707,0
ISIC_3039880,0
ISIC_3040088,0
ISIC_3040383,0
ISIC_3042091,0
ISIC_3042182,0
ISIC_3042558,0
ISIC_3042633,0
ISIC_3042818,0
ISIC_3043105,0
ISIC_3043219,0
ISIC_3043346,0
ISIC_3043475,0
ISIC_3045178,0
ISIC_3045489,0
ISIC_3045537,0
ISIC_3046033,0
ISIC_3046710,0
ISIC_3046758,0
ISIC_3046905,0
ISIC_3046930,0
ISIC_3047806,0
ISIC_3047981,0
ISIC_3048826,0
ISIC_3048886,0
ISIC_3049028,0
ISIC_3049301,0
ISIC_3049506,0
ISIC_3049927,0
ISIC_3050728,0
ISIC_3050780,0
ISIC_3051892,0
ISIC_3052085,0
ISIC_3052675,0
ISIC_3054523,0
ISIC_3055257,0
ISIC_3056193,0
ISIC_3056425,0
ISIC_3056509,0
ISIC_3056999,0
ISIC_3057335,0
ISIC_3058615,0
ISIC_3058625,0
ISIC_3058627,0
ISIC_3058634,0
ISIC_3058665,0
ISIC_3058800,0
ISIC_3059347,0
ISIC_3059367,0
ISIC_3059442,0
ISIC_3059967,0
ISIC_3060021,0
ISIC_3060248,0
ISIC_3060567,0
ISIC_3061135,0
ISIC_3061909,0
ISIC_3062039,0
ISIC_3062773,0
ISIC_3062820,0
ISIC_3062937,0
ISIC_3063260,0
ISIC_3063563,0
ISIC_3063649,0
ISIC_3063923,0
ISIC_3064103,0
ISIC_3064486,0
ISIC_3064807,0
ISIC_3065032,1
ISIC_3065175,0
ISIC_3065253,0
ISIC_3065254,0
ISIC_3066296,0
ISIC_3066463,0
ISIC_3067522,0
ISIC_3067657,0
ISIC_3067885,0
ISIC_3067949,0
ISIC_3068513,0
ISIC_3068575,0
ISIC_3068885,1
ISIC_3069054,0
ISIC_3069157,0
ISIC_3069268,0
ISIC_3069307,0
ISIC_3069511,0
ISIC_3069594,0
ISIC_3070087,0
ISIC_3070142,0
ISIC_3070178,0
ISIC_3070206,0
ISIC_3071338,0
ISIC_3071973,0
ISIC_3072143,0
ISIC_3072259,0
ISIC_3072311,0
ISIC_3072343,0
ISIC_3072382,0
ISIC_3072844,0
ISIC_3073001,0
ISIC_3073018,0
ISIC_3073339,0
ISIC_3073605,0
ISIC_3073634,0
ISIC_3074710,0
ISIC_3074949,0
ISIC_3076237,0
ISIC_3077696,0
ISIC_3077760,0
ISIC_3077866,0
ISIC_3078678,0
ISIC_3079263,0
ISIC_3079290,0
ISIC_3079305,0
ISIC_3079355,0
ISIC_3079729,0
ISIC_3080307,0
ISIC_3081674,0
ISIC_3081844,0
ISIC_3081858,0
ISIC_3082027,0
ISIC_3082109,0
ISIC_3082172,0
ISIC_3082398,0
ISIC_3082466,0
ISIC_3082841,0
ISIC_3083325,0
ISIC_3083711,0
ISIC_3084213,0
ISIC_3084312,1
ISIC_3084322,0
ISIC_3084624,0
ISIC_3084780,0
ISIC_3084791,0
ISIC_3084862,0
ISIC_3085084,0
ISIC_3085118,0
ISIC_3085239,0
ISIC_3086038,0
ISIC_3086476,0
ISIC_3086575,0
ISIC_3086579,0
ISIC_3087274,0
ISIC_3087371,0
ISIC_3087402,0
ISIC_3087433,0
ISIC_3087861,0
ISIC_3088019,0
ISIC_3088518,0
ISIC_3089119,0
ISIC_3089388,0
ISIC_3089729,0
ISIC_3090246,0
ISIC_3090417,0
ISIC_3090572,0
ISIC_3090792,0
ISIC_3090826,0
ISIC_3091420,0
ISIC_3091457,0
ISIC_3091549,0
ISIC_3091757,0
ISIC_3092441,0
ISIC_3092551,0
ISIC_3093025,0
ISIC_3093026,1
ISIC_3093069,0
ISIC_3093620,0
ISIC_3093810,0
ISIC_3095085,0
ISIC_3095600,0
ISIC_3095959,0
ISIC_3096016,0
ISIC_3096269,0
ISIC_3096949,0
ISIC_3097091,0
ISIC_3097253,0
ISIC_3097354,1
ISIC_3097419,0
ISIC_3097424,0
ISIC_3097899,0
ISIC_3097976,0
ISIC_3098174,0
ISIC_3098299,0
ISIC_3098342,0
ISIC_3098462,0
ISIC_3098750,0
ISIC_3099012,0
ISIC_3099438,0
ISIC_3099631,0
ISIC_3100178,0
ISIC_3100541,0
ISIC_3100594,0
ISIC_3100819,0
ISIC_3100885,0
ISIC_3101458,0
ISIC_3101618,0
ISIC_3102011,0
ISIC_3102110,0
ISIC_3102613,0
ISIC_3102849,0
ISIC_3103417,0
ISIC_3103697,0
ISIC_3103863,0
ISIC_3104228,0
ISIC_3104441,0
ISIC_3104875,0
ISIC_3105136,0
ISIC_3105314,0
ISIC_3105324,0
ISIC_3105416,0
ISIC_3105703,0
ISIC_3105924,0
ISIC_3106058,0
ISIC_3106783,0
ISIC_3107526,0
ISIC_3107940,0
ISIC_3108147,0
ISIC_3108166,0
ISIC_3108765,0
ISIC_3109156,0
ISIC_3110196,0
ISIC_3110425,0
ISIC_3110548,0
ISIC_3110909,0
ISIC_3110946,0
ISIC_3111042,0
ISIC_3111591,0
ISIC_3111635,0
ISIC_3111680,0
ISIC_3111722,0
ISIC_3111752,0
ISIC_3112262,0
ISIC_3112783,0
ISIC_3113485,0
ISIC_3113701,0
ISIC_3114020,0
ISIC_3114066,0
ISIC_3114110,0
ISIC_3114154,0
ISIC_3114532,0
ISIC_3114708,0
ISIC_3115220,0
ISIC_3115327,0
ISIC_3115419,0
ISIC_3115568,0
ISIC_3116288,0
ISIC_3116507,0
ISIC_3116777,0
ISIC_3117368,0
ISIC_3117505,0
ISIC_3117585,0
ISIC_3117632,0
ISIC_3117977,0
ISIC_3118230,0
ISIC_3118435,0
ISIC_3118576,0
ISIC_3118628,0
ISIC_3118787,0
ISIC_3119175,0
ISIC_3120592,0
ISIC_3120665,0
ISIC_3121451,0
ISIC_3121501,0
ISIC_3121787,0
ISIC_3122329,0
ISIC_3123099,0
ISIC_3123377,0
ISIC_3123711,0
ISIC_3123718,0
ISIC_3123835,0
ISIC_3124044,0
ISIC_3124612,0
ISIC_3125030,0
ISIC_3125078,0
ISIC_3125318,0
ISIC_3125427,0
ISIC_3126161,0
ISIC_3126619,0
ISIC_3126652,0
ISIC_3126741,0
ISIC_3126915,0
ISIC_3127347,0
ISIC_3127969,0
ISIC_3128203,0
ISIC_3128244,0
ISIC_3128262,0
ISIC_3128414,0
ISIC_3128860,0
ISIC_3129363,0
ISIC_3129578,0
ISIC_3129999,0
ISIC_3131292,0
ISIC_3131821,0
ISIC_3132378,0
ISIC_3132543,0
ISIC_3132725,0
ISIC_3133127,0
ISIC_3133588,0
ISIC_3134070,0
ISIC_3134259,0
ISIC_3134415,0
ISIC_3134444,0
ISIC_3134556,0
ISIC_3134589,0
ISIC_3134683,0
ISIC_3134745,0
ISIC_3134824,0
ISIC_3135594,0
ISIC_3135818,0
ISIC_3135941,0
ISIC_3136228,0
ISIC_3136263,0
ISIC_3136309,0
ISIC_3136397,0
ISIC_3136818,0
ISIC_3137003,0
ISIC_3137393,0
ISIC_3138290,0
ISIC_3138599,0
ISIC_3138836,0
ISIC_3139224,0
ISIC_3139230,0
ISIC_3139652,0
ISIC_3139766,0
ISIC_3139994,0
ISIC_3140022,0
ISIC_3140098,0
ISIC_3140246,0
ISIC_3141629,0
ISIC_3141671,0
ISIC_3141912,0
ISIC_3142775,0
ISIC_3142779,0
ISIC_3142806,0
ISIC_3143245,0
ISIC_3143255,0
ISIC_3143468,0
ISIC_3143604,0
ISIC_3143650,0
ISIC_3144003,0
ISIC_3144156,0
ISIC_3144222,1
ISIC_3144326,0
ISIC_3144871,0
ISIC_3145134,0
ISIC_3145458,0
ISIC_3145600,0
ISIC_3146074,0
ISIC_3146077,0
ISIC_3146092,0
ISIC_3146152,0
ISIC_3146292,0
ISIC_3147179,0
ISIC_3147415,0
ISIC_3147613,0
ISIC_3148048,0
ISIC_3148361,0
ISIC_3148443,0
ISIC_3148533,0
ISIC_3149402,0
ISIC_3149717,0
ISIC_3151260,0
ISIC_3151494,0
ISIC_3151698,0
ISIC_3152305,0
ISIC_3152541,0
ISIC_3152572,0
ISIC_3152626,0
ISIC_3152860,0
ISIC_3153638,0
ISIC_3153709,0
ISIC_3153808,0
ISIC_3154122,0
ISIC_3154509,0
ISIC_3154716,0
ISIC_3155003,0
ISIC_3155020,0
ISIC_3155987,0
ISIC_3156139,0
ISIC_3156486,0
ISIC_3157046,0
ISIC_3157385,0
ISIC_3157826,0
ISIC_3157835,0
ISIC_3157921,0
ISIC_3158305,0
ISIC_3158860,0
ISIC_3158899,0
ISIC_3158962,0
ISIC_3159130,0
ISIC_3159924,1
ISIC_3160147,0
ISIC_3160224,0
ISIC_3160291,0
ISIC_3160301,0
ISIC_3160780,0
ISIC_3160981,0
ISIC_3161186,0
ISIC_3161358,0
ISIC_3161477,0
ISIC_3161481,0
ISIC_3161986,0
ISIC_3162024,0
ISIC_3162245,0
ISIC_3162307,0
ISIC_3162794,0
ISIC_3162968,0
ISIC_3163216,0
ISIC_3163477,0
ISIC_3163773,0
ISIC_3165183,0
ISIC_3165198,0
ISIC_3165425,0
ISIC_3165596,0
ISIC_3165765,0
ISIC_3165797,0
ISIC_3166276,0
ISIC_3166535,0
ISIC_3167092,0
ISIC_3167315,0
ISIC_3167799,0
ISIC_3168448,0
ISIC_3169133,0
ISIC_3169340,0
ISIC_3169566,0
ISIC_3169743,0
ISIC_3170155,0
ISIC_3170397,0
ISIC_3170416,0
ISIC_3171104,0
ISIC_3171941,0
ISIC_3171997,0
ISIC_3172196,0
ISIC_3172597,0
ISIC_3172815,0
ISIC_3173007,0
ISIC_3173314,0
ISIC_3173348,0
ISIC_3173572,0
ISIC_3173734,0
ISIC_3174431,0
ISIC_3175241,0
ISIC_3175350,0
ISIC_3175723,0
ISIC_3175789,0
ISIC_3175883,0
ISIC_3176269,0
ISIC_3176296,0
ISIC_3176566,0
ISIC_3176752,0
ISIC_3177361,0
ISIC_3177631,0
ISIC_3177916,0
ISIC_3178212,0
ISIC_3179296,0
ISIC_3179478,0
ISIC_3180108,0
ISIC_3180138,0
ISIC_3181358,0
ISIC_3181394,0
ISIC_3181638,0
ISIC_3181899,0
ISIC_3182075,0
ISIC_3182374,0
ISIC_3182626,0
ISIC_3183190,0
ISIC_3183210,0
ISIC_3183214,0
ISIC_3183548,0
ISIC_3183653,0
ISIC_3183782,0
ISIC_3183794,0
ISIC_3183946,0
ISIC_3184112,0
ISIC_3184390,0
ISIC_3184551,0
ISIC_3184922,0
ISIC_3185336,0
ISIC_3185341,0
ISIC_3185470,0
ISIC_3185524,0
ISIC_3185664,0
ISIC_3186625,0
ISIC_3186856,0
ISIC_3187493,0
ISIC_3187746,0
ISIC_3187836,0
ISIC_3188062,0
ISIC_3188617,0
ISIC_3188758,0
ISIC_3189033,0
ISIC_3189075,0
ISIC_3189380,0
ISIC_3190208,0
ISIC_3190566,0
ISIC_3190790,0
ISIC_3191602,0
ISIC_3191646,0
ISIC_3192233,0
ISIC_3192565,0
ISIC_3193048,0
ISIC_3193358,0
ISIC_3193768,0
ISIC_3193774,0
ISIC_3193988,0
ISIC_3194171,0
ISIC_3194670,0
ISIC_3194895,0
ISIC_3195037,0
ISIC_3195720,0
ISIC_3196630,0
ISIC_3197069,0
ISIC_3197616,0
ISIC_3197712,0
ISIC_3198071,0
ISIC_3198078,0
ISIC_3198111,0
ISIC_3198225,0
ISIC_3198731,0
ISIC_3199719,0
ISIC_3199821,0
ISIC_3200264,0
ISIC_3201891,0
ISIC_3201945,0
ISIC_3202083,0
ISIC_3202094,0
ISIC_3202358,0
ISIC_3202724,0
ISIC_3202829,0
ISIC_3203303,0
ISIC_3203344,1
ISIC_3203435,0
ISIC_3204009,0
ISIC_3204063,0
ISIC_3204481,0
ISIC_3204621,0
ISIC_3204983,0
ISIC_3205052,0
ISIC_3205354,0
ISIC_3205752,0
ISIC_3206207,0
ISIC_3206224,0
ISIC_3206586,0
ISIC_3206697,0
ISIC_3206957,0
ISIC_3207651,1
ISIC_3207683,0
ISIC_3208873,0
ISIC_3209024,0
ISIC_3209363,0
ISIC_3209456,0
ISIC_3209501,0
ISIC_3209641,0
ISIC_3209856,0
ISIC_3209995,0
ISIC_3210728,0
ISIC_3210813,0
ISIC_3210830,0
ISIC_3211246,0
ISIC_3211631,0
ISIC_3211897,0
ISIC_3211913,0
ISIC_3211915,0
ISIC_3212050,0
ISIC_3212116,0
ISIC_3212311,0
ISIC_3212781,0
ISIC_3213014,0
ISIC_3213318,0
ISIC_3213469,0
ISIC_3213484,0
ISIC_3213948,0
ISIC_3215136,0
ISIC_3215316,0
ISIC_3215397,0
ISIC_3215524,0
ISIC_3216049,0
ISIC_3216095,0
ISIC_3216146,0
ISIC_3216482,0
ISIC_3216562,0
ISIC_3217061,0
ISIC_3217658,0
ISIC_3218135,0
ISIC_3218150,0
ISIC_3218193,0
ISIC_3218227,0
ISIC_3218245,0
ISIC_3218403,0
ISIC_3218501,0
ISIC_3219163,0
ISIC_3219286,0
ISIC_3219620,0
ISIC_3219662,0
ISIC_3220423,0
ISIC_3220834,0
ISIC_3220970,0
ISIC_3221265,0
ISIC_3221297,0
ISIC_3222205,0
ISIC_3222214,0
ISIC_3222447,0
ISIC_3222454,0
ISIC_3222555,0
ISIC_3222573,0
ISIC_3222960,0
ISIC_3223299,0
ISIC_3223682,0
ISIC_3223762,0
ISIC_3224099,0
ISIC_3224181,0
ISIC_3224643,0
ISIC_3224784,0
ISIC_3224794,0
ISIC_3224854,0
ISIC_3225754,0
ISIC_3225847,0
ISIC_3226667,0
ISIC_3226731,0
ISIC_3227705,0
ISIC_3227802,0
ISIC_3228015,0
ISIC_3228072,0
ISIC_3228186,0
ISIC_3228446,0
ISIC_3228537,0
ISIC_3228711,0
ISIC_3229171,0
ISIC_3229755,0
ISIC_3229879,0
ISIC_3230018,0
ISIC_3230164,0
ISIC_3230191,0
ISIC_3230575,0
ISIC_3230630,0
ISIC_3230874,0
ISIC_3231840,0
ISIC_3232275,0
ISIC_3232329,0
ISIC_3232712,0
ISIC_3232811,0
ISIC_3234017,0
ISIC_3234816,0
ISIC_3234899,0
ISIC_3234908,0
ISIC_3235004,0
ISIC_3235491,0
ISIC_3235868,0
ISIC_3236363,0
ISIC_3236399,0
ISIC_3236506,0
ISIC_3236507,0
ISIC_3236964,0
ISIC_3237033,0
ISIC_3237290,0
ISIC_3237364,0
ISIC_3237504,0
ISIC_3237557,0
ISIC_3237688,0
ISIC_3237861,0
ISIC_3238015,0
ISIC_3238064,0
ISIC_3238159,0
ISIC_3238268,0
ISIC_3238529,0
ISIC_3238687,0
ISIC_3238925,0
ISIC_3239455,0
ISIC_3239813,0
ISIC_3240244,0
ISIC_3240264,0
ISIC_3241291,0
ISIC_3241555,0
ISIC_3241558,0
ISIC_3241636,1
ISIC_3241722,0
ISIC_3242165,0
ISIC_3242282,0
ISIC_3242493,0
ISIC_3242778,0
ISIC_3243279,0
ISIC_3243610,0
ISIC_3244047,0
ISIC_3244067,1
ISIC_3244329,0
ISIC_3244652,0
ISIC_3244798,0
ISIC_3245520,0
ISIC_3245980,0
ISIC_3246029,0
ISIC_3246376,0
ISIC_3246485,0
ISIC_3246675,0
ISIC_3246696,0
ISIC_3246746,0
ISIC_3246752,0
ISIC_3247056,0
ISIC_3248316,0
ISIC_3249158,0
ISIC_3249299,0
ISIC_3249384,0
ISIC_3249704,0
ISIC_3249783,0
ISIC_3249936,0
ISIC_3249938,0
ISIC_3249958,0
ISIC_3250584,0
ISIC_3250763,0
ISIC_3251275,0
ISIC_3251405,0
ISIC_3251421,0
ISIC_3251486,0
ISIC_3251719,0
ISIC_3251773,0
ISIC_3251828,0
ISIC_3251951,0
ISIC_3252522,0
ISIC_3252990,0
ISIC_3253098,0
ISIC_3253484,1
ISIC_3253566,0
ISIC_3253765,0
ISIC_3254309,0
ISIC_3254386,0
ISIC_3254499,0
ISIC_3254944,0
ISIC_3255000,0
ISIC_3255182,0
ISIC_3255427,0
ISIC_3255457,0
ISIC_3255602,0
ISIC_3256087,0
ISIC_3256116,0
ISIC_3256370,0
ISIC_3256395,0
ISIC_3256887,0
ISIC_3256966,0
ISIC_3257327,0
ISIC_3257455,0
ISIC_3258291,0
ISIC_3258598,0
ISIC_3259144,0
ISIC_3259494,0
ISIC_3260019,0
ISIC_3260068,0
ISIC_3260211,0
ISIC_3260549,0
ISIC_3260571,0
ISIC_3260649,0
ISIC_3260696,0
ISIC_3260746,0
ISIC_3260888,0
ISIC_3260974,0
ISIC_3261043,0
ISIC_3261511,0
ISIC_3262153,0
ISIC_3262171,0
ISIC_3262383,0
ISIC_3262904,0
ISIC_3263757,0
ISIC_3264096,0
ISIC_3264124,0
ISIC_3264367,0
ISIC_3264605,0
ISIC_3264992,0
ISIC_3265470,0
ISIC_3265701,0
ISIC_3265748,0
ISIC_3265884,0
ISIC_3265976,0
ISIC_3266797,0
ISIC_3267036,0
ISIC_3267196,0
ISIC_3267259,0
ISIC_3267312,0
ISIC_3267817,0
ISIC_3267929,0
ISIC_3269018,0
ISIC_3269241,0
ISIC_3269408,0
ISIC_3269490,0
ISIC_3269863,0
ISIC_3269939,0
ISIC_3270209,0
ISIC_3270588,0
ISIC_3270742,0
ISIC_3270831,0
ISIC_3272155,0
ISIC_3272470,0
ISIC_3272526,0
ISIC_3272920,0
ISIC_3272946,0
ISIC_3272999,0
ISIC_3273115,0
ISIC_3273370,0
ISIC_3273754,0
ISIC_3273860,0
ISIC_3274014,0
ISIC_3274023,0
ISIC_3274103,0
ISIC_3274253,0
ISIC_3274493,0
ISIC_3274592,0
ISIC_3274671,0
ISIC_3274903,0
ISIC_3275538,0
ISIC_3275914,0
ISIC_3276395,0
ISIC_3277709,0
ISIC_3277722,0
ISIC_3278148,0
ISIC_3278161,0
ISIC_3278303,0
ISIC_3279911,0
ISIC_3280786,0
ISIC_3280940,0
ISIC_3280963,0
ISIC_3281252,0
ISIC_3281329,0
ISIC_3281337,0
ISIC_3281568,0
ISIC_3282214,0
ISIC_3282452,0
ISIC_3283115,0
ISIC_3283286,0
ISIC_3283317,0
ISIC_3283934,0
ISIC_3283986,0
ISIC_3285013,0
ISIC_3285637,0
ISIC_3285862,0
ISIC_3285892,0
ISIC_3286186,1
ISIC_3286285,0
ISIC_3286577,0
ISIC_3286597,0
ISIC_3286956,0
ISIC_3287807,0
ISIC_3287917,0
ISIC_3287975,0
ISIC_3288007,0
ISIC_3288311,0
ISIC_3288342,0
ISIC_3288502,0
ISIC_3289098,0
ISIC_3289414,0
ISIC_3289574,0
ISIC_3289651,0
ISIC_3290240,0
ISIC_3290466,0
ISIC_3290678,0
ISIC_3290915,0
ISIC_3291621,0
ISIC_3291748,0
ISIC_3291765,0
ISIC_3292074,0
ISIC_3292151,0
ISIC_3292196,0
ISIC_3292915,0
ISIC_3292959,0
ISIC_3293686,0
ISIC_3294475,0
ISIC_3294812,0
ISIC_3294857,0
ISIC_3295538,0
ISIC_3295750,0
ISIC_3295852,0
ISIC_3296066,0
ISIC_3296079,0
ISIC_3296136,0
ISIC_3296152,0
ISIC_3296741,0
ISIC_3296981,0
ISIC_3297631,0
ISIC_3298596,0
ISIC_3298707,0
ISIC_3299433,0
ISIC_3299506,0
ISIC_3299556,0
ISIC_3299685,0
ISIC_3299708,0
ISIC_3299783,0
ISIC_3299845,0
ISIC_3300386,0
ISIC_3300710,0
ISIC_3300938,0
ISIC_3301163,0
ISIC_3301164,0
ISIC_3301263,0
ISIC_3301447,0
ISIC_3301909,0
ISIC_3301933,1
ISIC_3302025,0
ISIC_3302044,0
ISIC_3302126,0
ISIC_3302178,0
ISIC_3302231,0
ISIC_3302289,0
ISIC_3302396,0
ISIC_3302405,0
ISIC_3302777,0
ISIC_3303730,0
ISIC_3303825,0
ISIC_3303961,0
ISIC_3304293,0
ISIC_3304345,0
ISIC_3304982,0
ISIC_3305029,0
ISIC_3305120,0
ISIC_3305153,0
ISIC_3305468,0
ISIC_3305741,0
ISIC_3306135,0
ISIC_3306343,0
ISIC_3306507,0
ISIC_3306510,0
ISIC_3307060,0
ISIC_3307352,0
ISIC_3307751,0
ISIC_3308635,0
ISIC_3309001,0
ISIC_3309051,0
ISIC_3309531,0
ISIC_3309669,0
ISIC_3309918,0
ISIC_3310235,0
ISIC_3310364,0
ISIC_3310600,0
ISIC_3310625,0
ISIC_3310739,0
ISIC_3310849,0
ISIC_3310895,0
ISIC_3310898,0
ISIC_3311099,0
ISIC_3311265,0
ISIC_3311513,0
ISIC_3311662,0
ISIC_3312201,0
ISIC_3312241,0
ISIC_3312574,0
ISIC_3313317,0
ISIC_3313701,0
ISIC_3313736,0
ISIC_3314555,0
ISIC_3314594,0
ISIC_3314853,0
ISIC_3315146,0
ISIC_3315151,0
ISIC_3315192,0
ISIC_3315259,0
ISIC_3315573,0
ISIC_3315713,0
ISIC_3315795,0
ISIC_3315810,0
ISIC_3316232,0
ISIC_3316641,0
ISIC_3316665,0
ISIC_3316688,0
ISIC_3317424,0
ISIC_3317695,0
ISIC_3317877,0
ISIC_3317953,0
ISIC_3317982,0
ISIC_3318860,0
ISIC_3318928,0
ISIC_3319163,0
ISIC_3319229,1
ISIC_3319361,0
ISIC_3319411,0
ISIC_3319573,0
ISIC_3322492,0
ISIC_3323904,0
ISIC_3324479,0
ISIC_3326306,0
ISIC_3326604,0
ISIC_3326704,0
ISIC_3327152,0
ISIC_3327201,0
ISIC_3327257,0
ISIC_3328295,0
ISIC_3328612,0
ISIC_3328736,0
ISIC_3329099,0
ISIC_3329255,0
ISIC_3329692,0
ISIC_3329997,0
ISIC_3330852,0
ISIC_3331500,0
ISIC_3331533,0
ISIC_3331853,0
ISIC_3331982,0
ISIC_3332207,0
ISIC_3332531,0
ISIC_3332556,0
ISIC_3332704,0
ISIC_3332756,0
ISIC_3333135,0
ISIC_3335794,0
ISIC_3335955,0
ISIC_3336297,0
ISIC_3336353,0
ISIC_3336388,0
ISIC_3337563,0
ISIC_3337775,0
ISIC_3337833,0
ISIC_3338629,1
ISIC_3338703,0
ISIC_3338730,0
ISIC_3339465,0
ISIC_3339798,0
ISIC_3340180,0
ISIC_3340346,0
ISIC_3341278,0
ISIC_3341455,0
ISIC_3341471,0
ISIC_3341501,0
ISIC_3341710,1
ISIC_3341811,0
ISIC_3341994,0
ISIC_3342067,0
ISIC_3342276,0
ISIC_3342474,0
ISIC_3342553,0
ISIC_3343475,1
ISIC_3343476,0
ISIC_3343729,0
ISIC_3343918,0
ISIC_3344329,0
ISIC_3345065,0
ISIC_3345230,0
ISIC_3345944,0
ISIC_3346045,0
ISIC_3347362,0
ISIC_3347715,0
ISIC_3348086,0
ISIC_3348306,0
ISIC_3349007,0
ISIC_3349107,0
ISIC_3349562,0
ISIC_3349751,0
ISIC_3350052,0
ISIC_3350388,0
ISIC_3350519,0
ISIC_3351401,0
ISIC_3351441,0
ISIC_3351500,0
ISIC_3351694,0
ISIC_3351880,0
ISIC_3351899,0
ISIC_3352529,0
ISIC_3352700,0
ISIC_3352799,0
ISIC_3352962,0
ISIC_3353450,0
ISIC_3353862,0
ISIC_3354440,0
ISIC_3354831,0
ISIC_3355040,0
ISIC_3355267,0
ISIC_3355691,0
ISIC_3356216,0
ISIC_3356315,0
ISIC_3356316,0
ISIC_3356355,0
ISIC_3356457,0
ISIC_3356497,0
ISIC_3356671,0
ISIC_3356776,0
ISIC_3357399,0
ISIC_3357503,0
ISIC_3357584,0
ISIC_3358023,0
ISIC_3358528,0
ISIC_3358565,0
ISIC_3358896,0
ISIC_3359057,0
ISIC_3359171,0
ISIC_3359247,0
ISIC_3359829,0
ISIC_3359880,1
ISIC_3360137,0
ISIC_3360180,0
ISIC_3360764,0
ISIC_3361126,0
ISIC_3361690,0
ISIC_3361955,0
ISIC_3362526,0
ISIC_3362969,0
ISIC_3364832,0
ISIC_3365320,0
ISIC_3365692,0
ISIC_3365873,0
ISIC_3365953,0
ISIC_3366103,0
ISIC_3366397,0
ISIC_3366683,0
ISIC_3366868,0
ISIC_3367944,0
ISIC_3368271,0
ISIC_3368385,0
ISIC_3368468,0
ISIC_3368521,0
ISIC_3368599,0
ISIC_3368733,0
ISIC_3369104,0
ISIC_3369408,0
ISIC_3370062,0
ISIC_3370255,0
ISIC_3370423,0
ISIC_3370737,0
ISIC_3371086,0
ISIC_3371249,0
ISIC_3371318,0
ISIC_3371722,0
ISIC_3371792,0
ISIC_3372067,0
ISIC_3372750,1
ISIC_3372918,0
ISIC_3373004,0
ISIC_3373242,0
ISIC_3373578,0
ISIC_3374172,0
ISIC_3374533,0
ISIC_3375455,0
ISIC_3375548,0
ISIC_3375921,0
ISIC_3376737,0
ISIC_3376976,0
ISIC_3376991,0
ISIC_3377082,0
ISIC_3377282,0
ISIC_3377321,0
ISIC_3377954,0
ISIC_3378115,0
ISIC_3378194,0
ISIC_3378314,0
ISIC_3378691,0
ISIC_3379523,0
ISIC_3380009,0
ISIC_3380212,0
ISIC_3380325,0
ISIC_3380520,0
ISIC_3380547,0
ISIC_3380750,0
ISIC_3381158,0
ISIC_3381550,0
ISIC_3381981,0
ISIC_3382231,0
ISIC_3383093,0
ISIC_3383330,0
ISIC_3383481,0
ISIC_3383806,0
ISIC_3383955,0
ISIC_3384884,0
ISIC_3384989,0
ISIC_3384998,0
ISIC_3385027,0
ISIC_3385071,0
ISIC_3385140,0
ISIC_3385425,0
ISIC_3385497,0
ISIC_3385712,0
ISIC_3385810,0
ISIC_3385846,0
ISIC_3386395,0
ISIC_3386656,0
ISIC_3386753,0
ISIC_3387359,0
ISIC_3387470,0
ISIC_3387713,0
ISIC_3388468,0
ISIC_3389461,0
ISIC_3389551,0
ISIC_3389696,0
ISIC_3389704,0
ISIC_3389722,0
ISIC_3389740,0
ISIC_3390057,0
ISIC_3390111,0
ISIC_3390118,0
ISIC_3390207,0
ISIC_3390356,0
ISIC_3390387,0
ISIC_3391100,0
ISIC_3391254,0
ISIC_3391427,1
ISIC_3391651,0
ISIC_3391654,0
ISIC_3392146,0
ISIC_3392276,0
ISIC_3392311,0
ISIC_3392433,0
ISIC_3392451,0
ISIC_3392571,0
ISIC_3393160,0
ISIC_3393651,0
ISIC_3393767,0
ISIC_3394080,0
ISIC_3394520,1
ISIC_3394796,0
ISIC_3395488,0
ISIC_3395529,0
ISIC_3395644,0
ISIC_3395743,0
ISIC_3395787,0
ISIC_3396790,0
ISIC_3397174,0
ISIC_3397377,0
ISIC_3397468,0
ISIC_3397501,0
ISIC_3397583,0
ISIC_3397764,0
ISIC_3397963,0
ISIC_3398017,0
ISIC_3399306,1
ISIC_3399603,0
ISIC_3400298,0
ISIC_3400972,0
ISIC_3401240,0
ISIC_3401631,0
ISIC_3401777,0
ISIC_3401780,0
ISIC_3402149,0
ISIC_3402327,0
ISIC_3402347,0
ISIC_3402778,0
ISIC_3403144,0
ISIC_3403329,0
ISIC_3403778,0
ISIC_3403816,0
ISIC_3404364,0
ISIC_3404606,0
ISIC_3405324,0
ISIC_3405862,0
ISIC_3406319,0
ISIC_3406334,0
ISIC_3406519,0
ISIC_3407960,0
ISIC_3407968,0
ISIC_3408080,0
ISIC_3408231,1
ISIC_3408383,0
ISIC_3408742,0
ISIC_3408802,0
ISIC_3409169,0
ISIC_3409287,0
ISIC_3409440,0
ISIC_3409696,0
ISIC_3409824,0
ISIC_3410193,0
ISIC_3410352,0
ISIC_3410459,0
ISIC_3410530,0
ISIC_3412216,0
ISIC_3412310,0
ISIC_3412390,0
ISIC_3412502,0
ISIC_3412637,0
ISIC_3413036,0
ISIC_3413138,0
ISIC_3413403,0
ISIC_3413657,0
ISIC_3414811,0
ISIC_3415223,0
ISIC_3415401,0
ISIC_3415902,0
ISIC_3415967,0
ISIC_3416107,1
ISIC_3416130,0
ISIC_3416324,0
ISIC_3417029,0
ISIC_3417128,0
ISIC_3417180,0
ISIC_3417268,0
ISIC_3417390,0
ISIC_3417396,0
ISIC_3417724,0
ISIC_3418068,0
ISIC_3418079,0
ISIC_3418153,0
ISIC_3418245,0
ISIC_3418447,0
ISIC_3418978,0
ISIC_3419245,0
ISIC_3419264,0
ISIC_3419626,0
ISIC_3420087,0
ISIC_3420207,0
ISIC_3420287,0
ISIC_3420574,0
ISIC_3420831,0
ISIC_3421141,0
ISIC_3421249,0
ISIC_3421679,0
ISIC_3423704,0
ISIC_3424154,0
ISIC_3424207,0
ISIC_3424437,0
ISIC_3424634,0
ISIC_3424667,0
ISIC_3425388,0
ISIC_3425831,0
ISIC_3425896,0
ISIC_3426413,0
ISIC_3426701,0
ISIC_3426714,0
ISIC_3426857,0
ISIC_3427677,0
ISIC_3427696,0
ISIC_3427713,0
ISIC_3427736,0
ISIC_3427958,0
ISIC_3428317,0
ISIC_3428451,0
ISIC_3428523,0
ISIC_3428559,0
ISIC_3428694,0
ISIC_3428742,0
ISIC_3428894,0
ISIC_3429011,0
ISIC_3429014,0
ISIC_3429278,0
ISIC_3429552,0
ISIC_3429835,0
ISIC_3429860,0
ISIC_3430311,0
ISIC_3430323,0
ISIC_3430447,0
ISIC_3430492,0
ISIC_3430953,0
ISIC_3431020,0
ISIC_3431064,0
ISIC_3431915,0
ISIC_3432130,0
ISIC_3432199,0
ISIC_3432318,0
ISIC_3432650,0
ISIC_3432947,0
ISIC_3433060,0
ISIC_3433352,0
ISIC_3433552,0
ISIC_3433848,0
ISIC_3433871,0
ISIC_3434285,0
ISIC_3434494,0
ISIC_3434670,0
ISIC_3435115,0
ISIC_3435535,0
ISIC_3435596,1
ISIC_3435747,0
ISIC_3436033,1
ISIC_3436139,0
ISIC_3436245,0
ISIC_3436311,0
ISIC_3437036,0
ISIC_3437119,0
ISIC_3437419,0
ISIC_3437734,0
ISIC_3437789,0
ISIC_3437943,0
ISIC_3438779,0
ISIC_3439215,0
ISIC_3440002,0
ISIC_3440004,0
ISIC_3440178,0
ISIC_3440583,0
ISIC_3440693,0
ISIC_3440759,1
ISIC_3440813,0
ISIC_3441161,0
ISIC_3441196,0
ISIC_3441198,0
ISIC_3441543,0
ISIC_3441698,0
ISIC_3441888,0
ISIC_3442177,0
ISIC_3442536,0
ISIC_3442539,0
ISIC_3442691,0
ISIC_3442725,0
ISIC_3443234,0
ISIC_3443898,0
ISIC_3444192,0
ISIC_3444221,0
ISIC_3444680,0
ISIC_3444719,0
ISIC_3444893,0
ISIC_3445100,0
ISIC_3445393,0
ISIC_3445468,0
ISIC_3445801,0
ISIC_3446357,1
ISIC_3446591,0
ISIC_3446849,0
ISIC_3447311,0
ISIC_3447331,0
ISIC_3447765,0
ISIC_3447958,0
ISIC_3448409,0
ISIC_3448546,0
ISIC_3448630,0
ISIC_3449079,0
ISIC_3449290,0
ISIC_3449292,0
ISIC_3449574,0
ISIC_3450029,0
ISIC_3450191,0
ISIC_3450978,0
ISIC_3451676,0
ISIC_3451688,0
ISIC_3452266,0
ISIC_3452564,0
ISIC_3452622,0
ISIC_3453060,0
ISIC_3453763,0
ISIC_3453832,0
ISIC_3454208,0
ISIC_3455136,0
ISIC_3455285,0
ISIC_3455311,0
ISIC_3455331,0
ISIC_3455499,0
ISIC_3455585,0
ISIC_3455595,0
ISIC_3455749,0
ISIC_3455818,0
ISIC_3456094,0
ISIC_3456207,0
ISIC_3456673,0
ISIC_3456960,0
ISIC_3457043,0
ISIC_3457365,0
ISIC_3458173,0
ISIC_3458811,0
ISIC_3459448,0
ISIC_3459452,0
ISIC_3459853,0
ISIC_3459981,0
ISIC_3460083,0
ISIC_3460125,0
ISIC_3460394,0
ISIC_3460537,0
ISIC_3460864,0
ISIC_3461229,0
ISIC_3461423,0
ISIC_3461869,0
ISIC_3463156,0
ISIC_3463384,0
ISIC_3463638,0
ISIC_3464057,0
ISIC_3464226,0
ISIC_3464344,1
ISIC_3465020,0
ISIC_3465385,0
ISIC_3465440,0
ISIC_3465766,0
ISIC_3466041,0
ISIC_3466769,0
ISIC_3466777,0
ISIC_3467447,0
ISIC_3469260,0
ISIC_3469442,0
ISIC_3469923,0
ISIC_3470341,0
ISIC_3470672,0
ISIC_3470824,0
ISIC_3471815,0
ISIC_3472069,0
ISIC_3472455,0
ISIC_3472937,0
ISIC_3474472,0
ISIC_3474609,0
ISIC_3474681,0
ISIC_3475142,0
ISIC_3475660,1
ISIC_3475932,0
ISIC_3476509,0
ISIC_3477219,0
ISIC_3477336,0
ISIC_3477566,0
ISIC_3477896,0
ISIC_3478437,0
ISIC_3478491,0
ISIC_3479903,0
ISIC_3479948,0
ISIC_3480492,0
ISIC_3480565,0
ISIC_3481078,0
ISIC_3481133,0
ISIC_3481318,0
ISIC_3481509,0
ISIC_3481617,0
ISIC_3481687,0
ISIC_3481732,0
ISIC_3481768,0
ISIC_3482153,0
ISIC_3482676,0
ISIC_3482804,0
ISIC_3483000,0
ISIC_3484662,0
ISIC_3484701,0
ISIC_3484722,0
ISIC_3484946,0
ISIC_3484988,0
ISIC_3485069,0
ISIC_3485300,0
ISIC_3485482,0
ISIC_3485557,0
ISIC_3485583,0
ISIC_3485709,0
ISIC_3485981,0
ISIC_3486458,0
ISIC_3486604,0
ISIC_3486658,0
ISIC_3486683,0
ISIC_3487019,0
ISIC_3487151,0
ISIC_3487418,0
ISIC_3487632,0
ISIC_3488268,0
ISIC_3488556,0
ISIC_3488784,0
ISIC_3489630,0
ISIC_3490073,0
ISIC_3490088,0
ISIC_3490323,0
ISIC_3490353,0
ISIC_3490640,0
ISIC_3490992,0
ISIC_3491877,0
ISIC_3492490,0
ISIC_3492670,0
ISIC_3492970,0
ISIC_3493050,0
ISIC_3493166,0
ISIC_3493618,0
ISIC_3493866,0
ISIC_3494219,0
ISIC_3494567,0
ISIC_3494886,0
ISIC_3495113,0
ISIC_3495231,0
ISIC_3495555,0
ISIC_3495799,0
ISIC_3496369,0
ISIC_3496565,0
ISIC_3496689,0
ISIC_3496800,0
ISIC_3496994,0
ISIC_3497346,0
ISIC_3498983,0
ISIC_3499071,0
ISIC_3499223,0
ISIC_3499368,0
ISIC_3499803,0
ISIC_3499886,0
ISIC_3500137,0
ISIC_3500261,0
ISIC_3500673,0
ISIC_3501041,0
ISIC_3501271,0
ISIC_3501997,0
ISIC_3502154,0
ISIC_3502577,0
ISIC_3503213,0
ISIC_3503289,0
ISIC_3503302,0
ISIC_3503895,0
ISIC_3504715,0
ISIC_3505327,0
ISIC_3505339,0
ISIC_3505358,0
ISIC_3505829,0
ISIC_3505915,0
ISIC_3506204,0
ISIC_3506674,0
ISIC_3507198,0
ISIC_3507444,0
ISIC_3507446,0
ISIC_3508192,0
ISIC_3508258,0
ISIC_3508429,0
ISIC_3508550,0
ISIC_3509250,0
ISIC_3509283,0
ISIC_3509838,0
ISIC_3509853,0
ISIC_3509891,0
ISIC_3510004,0
ISIC_3510802,0
ISIC_3510941,0
ISIC_3511320,0
ISIC_3511854,0
ISIC_3512019,0
ISIC_3512935,0
ISIC_3513288,0
ISIC_3513367,0
ISIC_3513899,0
ISIC_3513901,0
ISIC_3514162,0
ISIC_3514891,0
ISIC_3515162,0
ISIC_3515230,0
ISIC_3516857,0
ISIC_3517311,1
ISIC_3517443,0
ISIC_3517816,0
ISIC_3518299,0
ISIC_3518444,0
ISIC_3518899,0
ISIC_3519747,0
ISIC_3519823,0
ISIC_3519939,0
ISIC_3520591,0
ISIC_3520709,0
ISIC_3520750,0
ISIC_3521251,0
ISIC_3521671,0
ISIC_3521736,0
ISIC_3521744,0
ISIC_3522342,0
ISIC_3522522,0
ISIC_3522554,0
ISIC_3522806,0
ISIC_3522874,0
ISIC_3522923,0
ISIC_3523444,0
ISIC_3523476,0
ISIC_3523494,0
ISIC_3524149,0
ISIC_3524193,0
ISIC_3524429,0
ISIC_3524546,0
ISIC_3524881,0
ISIC_3526017,0
ISIC_3526122,0
ISIC_3526268,0
ISIC_3526409,0
ISIC_3526799,0
ISIC_3527113,0
ISIC_3528120,0
ISIC_3528295,0
ISIC_3528444,0
ISIC_3528509,0
ISIC_3528616,0
ISIC_3528845,0
ISIC_3529443,0
ISIC_3529572,0
ISIC_3529778,0
ISIC_3529922,0
ISIC_3530337,0
ISIC_3530422,0
ISIC_3530902,0
ISIC_3531277,0
ISIC_3531360,0
ISIC_3532397,0
ISIC_3533204,0
ISIC_3533618,0
ISIC_3533800,0
ISIC_3534578,0
ISIC_3534633,0
ISIC_3534687,0
ISIC_3534791,0
ISIC_3535007,0
ISIC_3535253,0
ISIC_3535289,0
ISIC_3536231,0
ISIC_3536436,0
ISIC_3536848,0
ISIC_3536858,0
ISIC_3536880,0
ISIC_3537089,0
ISIC_3537191,0
ISIC_3537199,0
ISIC_3537203,0
ISIC_3537571,0
ISIC_3537646,0
ISIC_3537768,0
ISIC_3538402,0
ISIC_3539351,0
ISIC_3539379,0
ISIC_3539896,0
ISIC_3540000,0
ISIC_3540971,0
ISIC_3541193,0
ISIC_3541663,0
ISIC_3542273,0
ISIC_3543244,0
ISIC_3543305,0
ISIC_3544168,0
ISIC_3544821,0
ISIC_3545436,0
ISIC_3545622,0
ISIC_3545972,0
ISIC_3548096,0
ISIC_3548393,0
ISIC_3548408,0
ISIC_3548598,0
ISIC_3548927,0
ISIC_3549225,0
ISIC_3549384,0
ISIC_3549984,0
ISIC_3550288,0
ISIC_3550799,0
ISIC_3550844,0
ISIC_3550939,0
ISIC_3551438,0
ISIC_3551661,0
ISIC_3551685,0
ISIC_3552016,0
ISIC_3552245,0
ISIC_3552318,0
ISIC_3552696,0
ISIC_3552860,0
ISIC_3553089,0
ISIC_3554078,0
ISIC_3554719,0
ISIC_3555654,0
ISIC_3555847,0
ISIC_3556039,0
ISIC_3556174,0
ISIC_3556190,0
ISIC_3556200,0
ISIC_3556260,0
ISIC_3556570,0
ISIC_3556857,0
ISIC_3556980,0
ISIC_3556983,0
ISIC_3557376,0
ISIC_3557706,0
ISIC_3558634,0
ISIC_3558747,0
ISIC_3558953,0
ISIC_3559055,0
ISIC_3559215,0
ISIC_3559222,0
ISIC_3559467,0
ISIC_3559835,0
ISIC_3560466,0
ISIC_3560519,0
ISIC_3560566,0
ISIC_3561065,1
ISIC_3561539,0
ISIC_3561675,0
ISIC_3561821,0
ISIC_3561857,0
ISIC_3561951,0
ISIC_3562294,0
ISIC_3562461,0
ISIC_3562579,0
ISIC_3562660,0
ISIC_3562968,0
ISIC_3563234,0
ISIC_3563466,0
ISIC_3563518,0
ISIC_3563586,0
ISIC_3563951,0
ISIC_3564136,0
ISIC_3564151,0
ISIC_3564263,0
ISIC_3564461,0
ISIC_3564897,0
ISIC_3565508,0
ISIC_3565787,0
ISIC_3566046,0
ISIC_3566243,0
ISIC_3566897,0
ISIC_3566993,0
ISIC_3567352,0
ISIC_3567385,0
ISIC_3567524,0
ISIC_3568064,0
ISIC_3568218,0
ISIC_3568801,0
ISIC_3569794,0
ISIC_3569965,0
ISIC_3570209,0
ISIC_3571523,0
ISIC_3571614,0
ISIC_3571746,0
ISIC_3571989,0
ISIC_3572165,0
ISIC_3572458,0
ISIC_3573323,0
ISIC_3573742,0
ISIC_3573763,0
ISIC_3573969,0
ISIC_3574196,0
ISIC_3574873,0
ISIC_3575305,0
ISIC_3575777,0
ISIC_3575814,0
ISIC_3575862,0
ISIC_3575926,0
ISIC_3576000,0
ISIC_3576066,0
ISIC_3577410,0
ISIC_3577628,0
ISIC_3577733,0
ISIC_3577923,0
ISIC_3578037,0
ISIC_3578186,0
ISIC_3578203,0
ISIC_3578989,0
ISIC_3579044,0
ISIC_3579316,0
ISIC_3579475,0
ISIC_3579477,0
ISIC_3579835,0
ISIC_3579853,0
ISIC_3580597,0
ISIC_3580818,0
ISIC_3580824,0
ISIC_3581227,0
ISIC_3581871,0
ISIC_3582787,0
ISIC_3582969,0
ISIC_3583880,0
ISIC_3584384,0
ISIC_3584411,0
ISIC_3585381,0
ISIC_3585737,0
ISIC_3586262,0
ISIC_3586461,0
ISIC_3586480,0
ISIC_3586611,0
ISIC_3586669,0
ISIC_3586824,0
ISIC_3587179,0
ISIC_3587213,0
ISIC_3587744,0
ISIC_3587945,0
ISIC_3588101,0
ISIC_3588908,0
ISIC_3589310,0
ISIC_3589379,0
ISIC_3590167,1
ISIC_3590482,0
ISIC_3590548,0
ISIC_3590814,0
ISIC_3590997,0
ISIC_3591025,0
ISIC_3591045,0
ISIC_3591332,0
ISIC_3591686,0
ISIC_3591742,0
ISIC_3592022,0
ISIC_3592058,0
ISIC_3592293,0
ISIC_3592584,0
ISIC_3592731,0
ISIC_3592856,0
ISIC_3593114,0
ISIC_3593161,0
ISIC_3593240,0
ISIC_3593382,0
ISIC_3593384,0
ISIC_3593913,0
ISIC_3593988,0
ISIC_3594451,0
ISIC_3594764,0
ISIC_3594774,0
ISIC_3594885,0
ISIC_3595519,0
ISIC_3595825,0
ISIC_3595918,0
ISIC_3596219,0
ISIC_3596336,0
ISIC_3596532,0
ISIC_3596549,0
ISIC_3596877,0
ISIC_3596927,0
ISIC_3597159,0
ISIC_3597277,0
ISIC_3597558,0
ISIC_3597660,0
ISIC_3597812,0
ISIC_3597870,0
ISIC_3598123,0
ISIC_3598244,0
ISIC_3598288,0
ISIC_3598604,0
ISIC_3599125,0
ISIC_3599367,0
ISIC_3599396,0
ISIC_3599489,0
ISIC_3599664,0
ISIC_3599724,0
ISIC_3599908,0
ISIC_3600346,0
ISIC_3600632,0
ISIC_3600799,0
ISIC_3600802,0
ISIC_3601052,0
ISIC_3601224,0
ISIC_3601493,0
ISIC_3601503,0
ISIC_3601680,0
ISIC_3601744,0
ISIC_3602666,0
ISIC_3602706,0
ISIC_3603150,0
ISIC_3603228,0
ISIC_3603704,0
ISIC_3603710,0
ISIC_3603821,0
ISIC_3604100,0
ISIC_3604231,0
ISIC_3604304,0
ISIC_3604681,0
ISIC_3604975,0
ISIC_3604993,0
ISIC_3605140,0
ISIC_3605210,0
ISIC_3605747,0
ISIC_3607155,0
ISIC_3607658,0
ISIC_3608401,0
ISIC_3608488,0
ISIC_3608577,0
ISIC_3608670,0
ISIC_3608714,0
ISIC_3608788,0
ISIC_3609081,0
ISIC_3609265,0
ISIC_3609379,0
ISIC_3609716,0
ISIC_3610285,0
ISIC_3610750,0
ISIC_3610783,0
ISIC_3611014,0
ISIC_3611039,0
ISIC_3611638,0
ISIC_3612211,0
ISIC_3612285,0
ISIC_3612630,0
ISIC_3613012,0
ISIC_3613068,0
ISIC_3613392,0
ISIC_3614121,0
ISIC_3614838,0
ISIC_3615290,0
ISIC_3615391,0
ISIC_3615645,0
ISIC_3616107,0
ISIC_3617159,0
ISIC_3617229,0
ISIC_3617693,0
ISIC_3619052,0
ISIC_3619200,0
ISIC_3619300,0
ISIC_3620204,0
ISIC_3621197,0
ISIC_3621391,0
ISIC_3621887,0
ISIC_3622055,0
ISIC_3622085,0
ISIC_3622464,0
ISIC_3622776,0
ISIC_3622949,0
ISIC_3623368,0
ISIC_3623868,0
ISIC_3624069,0
ISIC_3624318,0
ISIC_3624727,0
ISIC_3624807,0
ISIC_3625016,0
ISIC_3625591,0
ISIC_3626079,0
ISIC_3626693,0
ISIC_3626811,0
ISIC_3627582,0
ISIC_3627732,0
ISIC_3627765,0
ISIC_3628258,0
ISIC_3628451,0
ISIC_3628831,0
ISIC_3628925,0
ISIC_3629278,0
ISIC_3629614,0
ISIC_3630538,0
ISIC_3630605,0
ISIC_3631165,0
ISIC_3632419,0
ISIC_3632547,0
ISIC_3632996,0
ISIC_3633227,0
ISIC_3633306,0
ISIC_3633436,0
ISIC_3633493,0
ISIC_3633707,0
ISIC_3633794,0
ISIC_3634036,0
ISIC_3634704,0
ISIC_3635014,0
ISIC_3635280,0
ISIC_3635300,0
ISIC_3635577,0
ISIC_3635602,0
ISIC_3635644,0
ISIC_3635945,0
ISIC_3635991,0
ISIC_3636011,0
ISIC_3636757,0
ISIC_3637551,0
ISIC_3638162,0
ISIC_3639123,0
ISIC_3639491,0
ISIC_3639503,0
ISIC_3640050,0
ISIC_3640401,0
ISIC_3640580,0
ISIC_3640598,0
ISIC_3640675,0
ISIC_3640690,0
ISIC_3641625,0
ISIC_3641730,0
ISIC_3642011,0
ISIC_3642043,0
ISIC_3642241,0
ISIC_3642399,0
ISIC_3643689,0
ISIC_3643756,0
ISIC_3643861,0
ISIC_3644314,0
ISIC_3644672,0
ISIC_3645139,0
ISIC_3645165,0
ISIC_3645277,0
ISIC_3645653,0
ISIC_3645670,0
ISIC_3645705,0
ISIC_3646425,0
ISIC_3646643,0
ISIC_3646670,0
ISIC_3646802,0
ISIC_3648167,0
ISIC_3648532,0
ISIC_3648961,0
ISIC_3649113,0
ISIC_3649363,0
ISIC_3649632,0
ISIC_3649766,0
ISIC_3650518,0
ISIC_3650533,0
ISIC_3650598,0
ISIC_3650668,0
ISIC_3650938,0
ISIC_3651274,0
ISIC_3651333,0
ISIC_3651451,0
ISIC_3652026,0
ISIC_3652583,0
ISIC_3652847,0
ISIC_3652884,0
ISIC_3653492,0
ISIC_3653733,0
ISIC_3654333,0
ISIC_3654373,0
ISIC_3654454,0
ISIC_3655188,0
ISIC_3655327,0
ISIC_3656013,0
ISIC_3656794,0
ISIC_3657135,0
ISIC_3657182,0
ISIC_3657386,0
ISIC_3657408,0
ISIC_3657663,0
ISIC_3658449,0
ISIC_3658737,0
ISIC_3659528,0
ISIC_3659682,0
ISIC_3659739,0
ISIC_3659906,0
ISIC_3660136,0
ISIC_3661660,0
ISIC_3662337,0
ISIC_3662678,0
ISIC_3663340,0
ISIC_3663513,0
ISIC_3663705,0
ISIC_3664078,0
ISIC_3664380,0
ISIC_3665147,0
ISIC_3665298,0
ISIC_3665432,0
ISIC_3665695,0
ISIC_3665859,0
ISIC_3666094,0
ISIC_3666219,0
ISIC_3666461,0
ISIC_3667487,0
ISIC_3667693,0
ISIC_3667705,0
ISIC_3668276,0
ISIC_3668369,0
ISIC_3668644,0
ISIC_3669053,0
ISIC_3669736,0
ISIC_3669751,0
ISIC_3669954,0
ISIC_3670261,0
ISIC_3670322,0
ISIC_3671169,0
ISIC_3671274,0
ISIC_3671424,0
ISIC_3671637,0
ISIC_3671955,0
ISIC_3671963,0
ISIC_3672291,0
ISIC_3672435,0
ISIC_3673080,1
ISIC_3673090,0
ISIC_3673387,0
ISIC_3673482,0
ISIC_3673517,0
ISIC_3674856,0
ISIC_3675585,0
ISIC_3676029,0
ISIC_3676639,0
ISIC_3676643,0
ISIC_3676905,0
ISIC_3677336,0
ISIC_3677577,0
ISIC_3677742,0
ISIC_3677768,0
ISIC_3677905,0
ISIC_3677945,0
ISIC_3678036,0
ISIC_3678321,0
ISIC_3678586,0
ISIC_3678595,0
ISIC_3678730,0
ISIC_3678791,0
ISIC_3679271,0
ISIC_3679327,0
ISIC_3679789,0
ISIC_3680069,0
ISIC_3680358,0
ISIC_3680503,0
ISIC_3681098,0
ISIC_3682341,0
ISIC_3682700,0
ISIC_3682943,0
ISIC_3683263,0
ISIC_3683402,0
ISIC_3683530,0
ISIC_3684488,1
ISIC_3685448,0
ISIC_3685572,0
ISIC_3685955,0
ISIC_3686179,0
ISIC_3686322,0
ISIC_3686329,0
ISIC_3686620,0
ISIC_3686800,0
ISIC_3686815,0
ISIC_3687166,0
ISIC_3687238,0
ISIC_3687259,0
ISIC_3687263,0
ISIC_3687479,0
ISIC_3687799,0
ISIC_3688362,0
ISIC_3688407,0
ISIC_3688410,0
ISIC_3689266,0
ISIC_3689316,0
ISIC_3689540,0
ISIC_3689759,0
ISIC_3689832,0
ISIC_3689907,0
ISIC_3689984,0
ISIC_3690747,0
ISIC_3690767,0
ISIC_3691126,0
ISIC_3691320,0
ISIC_3691714,0
ISIC_3691925,0
ISIC_3692019,0
ISIC_3692092,0
ISIC_3692217,0
ISIC_3692341,0
ISIC_3692753,0
ISIC_3692776,0
ISIC_3692925,0
ISIC_3692952,0
ISIC_3693018,0
ISIC_3693367,0
ISIC_3693934,0
ISIC_3694194,0
ISIC_3694619,0
ISIC_3694918,0
ISIC_3695190,0
ISIC_3695494,0
ISIC_3695597,0
ISIC_3695635,0
ISIC_3695697,0
ISIC_3696253,0
ISIC_3696488,1
ISIC_3696570,0
ISIC_3696655,0
ISIC_3696726,0
ISIC_3697702,1
ISIC_3698443,0
ISIC_3698568,0
ISIC_3699454,0
ISIC_3699523,0
ISIC_3699927,0
ISIC_3700269,0
ISIC_3700351,0
ISIC_3700360,0
ISIC_3700501,0
ISIC_3700682,0
ISIC_3700928,0
ISIC_3701563,0
ISIC_3701596,0
ISIC_3701887,0
ISIC_3701892,0
ISIC_3702454,0
ISIC_3702457,0
ISIC_3702669,0
ISIC_3702724,0
ISIC_3702777,0
ISIC_3703300,0
ISIC_3703408,0
ISIC_3703438,0
ISIC_3703990,0
ISIC_3704157,0
ISIC_3704492,0
ISIC_3704694,0
ISIC_3704722,0
ISIC_3704790,0
ISIC_3705852,0
ISIC_3706506,0
ISIC_3706743,0
ISIC_3706973,0
ISIC_3707035,0
ISIC_3707185,0
ISIC_3707360,0
ISIC_3707449,0
ISIC_3707770,0
ISIC_3708400,0
ISIC_3708522,0
ISIC_3708739,0
ISIC_3709724,0
ISIC_3709850,0
ISIC_3710376,0
ISIC_3710757,0
ISIC_3711327,0
ISIC_3711932,0
ISIC_3712006,0
ISIC_3712092,0
ISIC_3712234,0
ISIC_3712266,0
ISIC_3713085,0
ISIC_3713293,0
ISIC_3714946,0
ISIC_3715194,0
ISIC_3715736,0
ISIC_3716147,0
ISIC_3716384,0
ISIC_3716504,0
ISIC_3716686,0
ISIC_3717102,0
ISIC_3717183,0
ISIC_3717769,0
ISIC_3717977,0
ISIC_3717983,0
ISIC_3718021,0
ISIC_3718027,0
ISIC_3718422,0
ISIC_3718717,0
ISIC_3720096,0
ISIC_3720117,0
ISIC_3720748,0
ISIC_3721121,0
ISIC_3721142,0
ISIC_3721357,0
ISIC_3721503,0
ISIC_3721600,0
ISIC_3721718,0
ISIC_3722195,0
ISIC_3722411,0
ISIC_3722850,0
ISIC_3723065,0
ISIC_3724089,0
ISIC_3724400,0
ISIC_3724491,0
ISIC_3725269,0
ISIC_3725295,0
ISIC_3726005,0
ISIC_3726355,0
ISIC_3726512,0
ISIC_3726680,0
ISIC_3727005,0
ISIC_3727059,0
ISIC_3727292,0
ISIC_3727856,0
ISIC_3727980,0
ISIC_3728170,0
ISIC_3728352,0
ISIC_3728659,0
ISIC_3729025,0
ISIC_3729235,0
ISIC_3729498,0
ISIC_3729538,0
ISIC_3729615,0
ISIC_3729749,0
ISIC_3729849,0
ISIC_3730172,0
ISIC_3730238,0
ISIC_3730327,0
ISIC_3730507,0
ISIC_3730553,0
ISIC_3730701,0
ISIC_3730764,0
ISIC_3730940,0
ISIC_3731040,0
ISIC_3731815,0
ISIC_3732244,0
ISIC_3732460,0
ISIC_3733112,0
ISIC_3733131,0
ISIC_3733653,1
ISIC_3734292,0
ISIC_3734497,0
ISIC_3734674,0
ISIC_3734724,0
ISIC_3734766,0
ISIC_3734889,0
ISIC_3734966,0
ISIC_3735143,0
ISIC_3735337,0
ISIC_3735572,0
ISIC_3735824,0
ISIC_3736075,0
ISIC_3736740,0
ISIC_3736869,0
ISIC_3737470,0
ISIC_3737487,0
ISIC_3737739,0
ISIC_3737866,0
ISIC_3738157,0
ISIC_3738290,0
ISIC_3738581,0
ISIC_3738751,1
ISIC_3739214,0
ISIC_3740201,0
ISIC_3740223,0
ISIC_3740449,0
ISIC_3740648,0
ISIC_3740783,0
ISIC_3740798,0
ISIC_3741760,0
ISIC_3742028,0
ISIC_3742431,0
ISIC_3742470,0
ISIC_3742633,0
ISIC_3742793,0
ISIC_3743104,0
ISIC_3743283,0
ISIC_3743409,0
ISIC_3743440,0
ISIC_3743446,0
ISIC_3743556,0
ISIC_3744115,0
ISIC_3744503,0
ISIC_3744605,0
ISIC_3744610,0
ISIC_3744835,0
ISIC_3744940,0
ISIC_3745259,0
ISIC_3745639,0
ISIC_3745711,0
ISIC_3745724,0
ISIC_3746410,0
ISIC_3746471,0
ISIC_3746498,0
ISIC_3746922,0
ISIC_3747477,0
ISIC_3747575,0
ISIC_3747979,0
ISIC_3748055,0
ISIC_3748096,0
ISIC_3749028,0
ISIC_3749320,0
ISIC_3749953,0
ISIC_3750094,0
ISIC_3751001,0
ISIC_3751172,0
ISIC_3752588,0
ISIC_3753052,0
ISIC_3753216,0
ISIC_3754247,0
ISIC_3754362,0
ISIC_3754446,0
ISIC_3754466,0
ISIC_3756374,0
ISIC_3756823,0
ISIC_3756843,0
ISIC_3757400,0
ISIC_3757407,0
ISIC_3757997,0
ISIC_3758464,0
ISIC_3758567,0
ISIC_3759419,0
ISIC_3760018,0
ISIC_3760025,0
ISIC_3760096,0
ISIC_3760098,0
ISIC_3760156,0
ISIC_3760791,0
ISIC_3760796,0
ISIC_3761071,0
ISIC_3761253,0
ISIC_3761634,0
ISIC_3761843,0
ISIC_3762459,0
ISIC_3762554,0
ISIC_3762853,0
ISIC_3763008,0
ISIC_3763248,0
ISIC_3763775,0
ISIC_3763799,0
ISIC_3764112,0
ISIC_3764173,0
ISIC_3765394,0
ISIC_3766022,0
ISIC_3766196,0
ISIC_3766341,0
ISIC_3766399,0
ISIC_3766406,0
ISIC_3766837,0
ISIC_3766980,0
ISIC_3766998,0
ISIC_3767325,0
ISIC_3768074,0
ISIC_3768097,0
ISIC_3768397,0
ISIC_3768701,0
ISIC_3768748,0
ISIC_3768804,0
ISIC_3768806,0
ISIC_3768930,0
ISIC_3769071,0
ISIC_3769211,0
ISIC_3769282,0
ISIC_3769457,0
ISIC_3769485,0
ISIC_3770380,0
ISIC_3770926,0
ISIC_3771332,0
ISIC_3771814,0
ISIC_3772651,0
ISIC_3772694,0
ISIC_3772774,0
ISIC_3772941,0
ISIC_3773025,0
ISIC_3773860,0
ISIC_3774190,0
ISIC_3775249,0
ISIC_3775365,0
ISIC_3775417,1
ISIC_3776131,0
ISIC_3777026,0
ISIC_3777337,0
ISIC_3777798,0
ISIC_3777842,0
ISIC_3778192,1
ISIC_3779014,0
ISIC_3779051,0
ISIC_3779093,0
ISIC_3779349,0
ISIC_3779424,0
ISIC_3779532,0
ISIC_3780205,0
ISIC_3780427,0
ISIC_3780571,0
ISIC_3781062,0
ISIC_3781287,0
ISIC_3782057,0
ISIC_3782142,0
ISIC_3782359,0
ISIC_3782372,0
ISIC_3782451,0
ISIC_3782874,0
ISIC_3782992,0
ISIC_3783114,0
ISIC_3783241,0
ISIC_3783427,0
ISIC_3783898,0
ISIC_3784228,0
ISIC_3784812,0
ISIC_3784838,0
ISIC_3785080,0
ISIC_3785665,0
ISIC_3785874,0
ISIC_3786075,0
ISIC_3786438,0
ISIC_3787339,0
ISIC_3787504,0
ISIC_3787558,0
ISIC_3787994,0
ISIC_3788187,0
ISIC_3788678,0
ISIC_3788766,0
ISIC_3788873,0
ISIC_3789239,0
ISIC_3789344,0
ISIC_3789405,0
ISIC_3789653,0
ISIC_3789929,0
ISIC_3790425,0
ISIC_3790692,0
ISIC_3791228,0
ISIC_3791309,0
ISIC_3791435,0
ISIC_3792196,0
ISIC_3792450,0
ISIC_3793261,0
ISIC_3793709,0
ISIC_3793957,0
ISIC_3794186,0
ISIC_3795397,0
ISIC_3796594,0
ISIC_3797073,0
ISIC_3797095,0
ISIC_3797428,0
ISIC_3797573,0
ISIC_3797677,0
ISIC_3799267,0
ISIC_3799343,0
ISIC_3799559,0
ISIC_3799847,0
ISIC_3800077,0
ISIC_3800373,0
ISIC_3800435,0
ISIC_3800438,0
ISIC_3800470,0
ISIC_3800541,0
ISIC_3800941,0
ISIC_3800974,0
ISIC_3801027,0
ISIC_3801932,0
ISIC_3801938,0
ISIC_3802134,0
ISIC_3802785,0
ISIC_3802812,0
ISIC_3803947,0
ISIC_3804448,0
ISIC_3804607,0
ISIC_3804675,0
ISIC_3804784,0
ISIC_3804858,0
ISIC_3805025,0
ISIC_3805310,0
ISIC_3805329,0
ISIC_3806200,0
ISIC_3806211,0
ISIC_3806226,0
ISIC_3806554,0
ISIC_3807176,0
ISIC_3807708,0
ISIC_3807884,0
ISIC_3808007,0
ISIC_3808070,0
ISIC_3808474,0
ISIC_3809013,0
ISIC_3809051,0
ISIC_3809396,0
ISIC_3809612,0
ISIC_3809762,0
ISIC_3809907,0
ISIC_3809998,0
ISIC_3810274,0
ISIC_3810324,0
ISIC_3810565,0
ISIC_3811819,0
ISIC_3812096,0
ISIC_3812244,0
ISIC_3812485,0
ISIC_3812493,0
ISIC_3812608,0
ISIC_3812918,0
ISIC_3814420,0
ISIC_3814474,0
ISIC_3814807,0
ISIC_3816122,0
ISIC_3816357,0
ISIC_3816402,0
ISIC_3816423,0
ISIC_3816570,0
ISIC_3816833,0
ISIC_3817292,0
ISIC_3817719,1
ISIC_3818234,0
ISIC_3819015,0
ISIC_3819282,0
ISIC_3819893,0
ISIC_3820232,0
ISIC_3820533,0
ISIC_3820602,0
ISIC_3820669,0
ISIC_3821027,0
ISIC_3821207,0
ISIC_3821242,1
ISIC_3821630,0
ISIC_3822667,0
ISIC_3822815,0
ISIC_3822864,0
ISIC_3823241,0
ISIC_3823732,0
ISIC_3823972,0
ISIC_3824050,0
ISIC_3824206,1
ISIC_3824766,0
ISIC_3825641,0
ISIC_3825739,0
ISIC_3825762,0
ISIC_3826001,0
ISIC_3826102,0
ISIC_3826602,0
ISIC_3826872,0
ISIC_3828321,0
ISIC_3828346,0
ISIC_3828455,0
ISIC_3828561,0
ISIC_3829240,0
ISIC_3829609,0
ISIC_3830208,0
ISIC_3830701,0
ISIC_3831535,0
ISIC_3831858,0
ISIC_3832012,0
ISIC_3832193,0
ISIC_3832239,0
ISIC_3832316,0
ISIC_3832462,0
ISIC_3832668,0
ISIC_3832876,0
ISIC_3832885,0
ISIC_3833013,0
ISIC_3833253,0
ISIC_3833310,0
ISIC_3833467,0
ISIC_3833622,0
ISIC_3834379,0
ISIC_3834800,0
ISIC_3835100,0
ISIC_3835276,0
ISIC_3835588,0
ISIC_3836023,0
ISIC_3836174,0
ISIC_3836364,0
ISIC_3836576,0
ISIC_3837132,0
ISIC_3837385,0
ISIC_3837423,0
ISIC_3837741,0
ISIC_3838110,0
ISIC_3838178,0
ISIC_3838310,0
ISIC_3838396,0
ISIC_3838637,0
ISIC_3840053,0
ISIC_3840133,0
ISIC_3841073,0
ISIC_3841930,0
ISIC_3843549,0
ISIC_3843634,0
ISIC_3844080,0
ISIC_3844151,0
ISIC_3844404,0
ISIC_3844439,0
ISIC_3844484,0
ISIC_3844839,0
ISIC_3844983,0
ISIC_3845253,0
ISIC_3845958,0
ISIC_3846236,0
ISIC_3846648,0
ISIC_3846717,0
ISIC_3846727,0
ISIC_3848067,0
ISIC_3848094,0
ISIC_3848155,0
ISIC_3848194,0
ISIC_3848491,0
ISIC_3848572,0
ISIC_3848670,0
ISIC_3849204,0
ISIC_3849316,0
ISIC_3849358,0
ISIC_3849619,0
ISIC_3849684,0
ISIC_3850258,0
ISIC_3850315,0
ISIC_3850432,0
ISIC_3851373,0
ISIC_3851607,0
ISIC_3852276,0
ISIC_3852791,0
ISIC_3852802,0
ISIC_3852855,0
ISIC_3854190,0
ISIC_3854244,0
ISIC_3854989,0
ISIC_3856233,0
ISIC_3856289,0
ISIC_3856659,0
ISIC_3856662,0
ISIC_3856926,0
ISIC_3857463,0
ISIC_3858113,0
ISIC_3858181,0
ISIC_3858243,0
ISIC_3858314,0
ISIC_3858405,0
ISIC_3858798,0
ISIC_3859068,0
ISIC_3859689,0
ISIC_3860032,0
ISIC_3860404,0
ISIC_3861214,0
ISIC_3861343,0
ISIC_3862621,0
ISIC_3862917,0
ISIC_3863276,0
ISIC_3863508,0
ISIC_3863610,0
ISIC_3863648,0
ISIC_3863802,0
ISIC_3864414,0
ISIC_3864739,0
ISIC_3864842,0
ISIC_3865503,0
ISIC_3865808,0
ISIC_3865993,0
ISIC_3866054,0
ISIC_3866081,0
ISIC_3866641,0
ISIC_3866946,0
ISIC_3867079,0
ISIC_3867665,0
ISIC_3867863,0
ISIC_3868370,0
ISIC_3868656,0
ISIC_3868662,0
ISIC_3868858,0
ISIC_3869533,0
ISIC_3869717,0
ISIC_3869931,0
ISIC_3870420,0
ISIC_3870647,0
ISIC_3870671,0
ISIC_3871153,0
ISIC_3871175,0
ISIC_3871230,0
ISIC_3871414,0
ISIC_3871468,0
ISIC_3872019,0
ISIC_3872560,0
ISIC_3873263,0
ISIC_3873580,0
ISIC_3873641,0
ISIC_3873924,0
ISIC_3874043,0
ISIC_3874619,0
ISIC_3875267,0
ISIC_3875566,0
ISIC_3875612,0
ISIC_3875647,0
ISIC_3875681,0
ISIC_3876274,0
ISIC_3876629,0
ISIC_3877413,0
ISIC_3877427,0
ISIC_3877643,0
ISIC_3877727,0
ISIC_3877974,0
ISIC_3877981,0
ISIC_3878174,0
ISIC_3878178,0
ISIC_3878213,0
ISIC_3879233,0
ISIC_3879564,0
ISIC_3880028,0
ISIC_3880316,0
ISIC_3880324,0
ISIC_3880459,0
ISIC_3880938,0
ISIC_3881573,0
ISIC_3881897,0
ISIC_3882159,0
ISIC_3882247,0
ISIC_3882251,0
ISIC_3882359,0
ISIC_3882374,0
ISIC_3882400,0
ISIC_3882551,0
ISIC_3882831,0
ISIC_3882949,0
ISIC_3883100,0
ISIC_3883314,0
ISIC_3883654,0
ISIC_3884221,0
ISIC_3884285,0
ISIC_3884368,0
ISIC_3884719,0
ISIC_3885041,0
ISIC_3885808,0
ISIC_3886001,0
ISIC_3886458,0
ISIC_3886701,0
ISIC_3887465,0
ISIC_3887638,0
ISIC_3888054,0
ISIC_3888070,0
ISIC_3888550,0
ISIC_3888650,0
ISIC_3888713,0
ISIC_3889380,0
ISIC_3889469,0
ISIC_3889479,0
ISIC_3889671,0
ISIC_3890800,0
ISIC_3890835,0
ISIC_3891437,0
ISIC_3892055,0
ISIC_3892185,0
ISIC_3892947,0
ISIC_3893164,0
ISIC_3893354,0
ISIC_3893600,0
ISIC_3893659,0
ISIC_3894209,0
ISIC_3894224,0
ISIC_3894289,0
ISIC_3895185,0
ISIC_3895772,0
ISIC_3895939,0
ISIC_3896070,0
ISIC_3896648,0
ISIC_3896737,0
ISIC_3897881,0
ISIC_3898513,0
ISIC_3898738,0
ISIC_3899034,0
ISIC_3899323,0
ISIC_3900049,0
ISIC_3900239,0
ISIC_3900327,0
ISIC_3900490,0
ISIC_3900903,0
ISIC_3901255,0
ISIC_3901421,0
ISIC_3901747,0
ISIC_3902496,0
ISIC_3902901,0
ISIC_3902917,0
ISIC_3902956,0
ISIC_3903748,0
ISIC_3904628,0
ISIC_3904828,0
ISIC_3905313,0
ISIC_3905662,0
ISIC_3906195,0
ISIC_3906303,0
ISIC_3907656,0
ISIC_3907800,0
ISIC_3907900,0
ISIC_3908638,0
ISIC_3908910,0
ISIC_3908914,0
ISIC_3908965,0
ISIC_3909039,1
ISIC_3909259,0
ISIC_3909443,0
ISIC_3909498,0
ISIC_3909834,0
ISIC_3910037,0
ISIC_3910238,0
ISIC_3910723,0
ISIC_3911357,0
ISIC_3911850,0
ISIC_3911901,0
ISIC_3912838,0
ISIC_3912988,0
ISIC_3913169,0
ISIC_3913441,0
ISIC_3913545,0
ISIC_3913561,0
ISIC_3913709,0
ISIC_3914140,0
ISIC_3914463,0
ISIC_3914517,0
ISIC_3914743,0
ISIC_3915226,0
ISIC_3915289,0
ISIC_3915890,1
ISIC_3916064,0
ISIC_3916565,0
ISIC_3916595,0
ISIC_3916762,0
ISIC_3916830,0
ISIC_3917053,0
ISIC_3917284,0
ISIC_3917306,0
ISIC_3917492,0
ISIC_3917593,0
ISIC_3917739,0
ISIC_3918134,0
ISIC_3918318,0
ISIC_3918485,0
ISIC_3918592,0
ISIC_3919496,0
ISIC_3919589,0
ISIC_3919752,0
ISIC_3919794,0
ISIC_3919941,0
ISIC_3920274,0
ISIC_3920298,0
ISIC_3920299,0
ISIC_3920542,0
ISIC_3920809,0
ISIC_3921769,0
ISIC_3922238,0
ISIC_3922580,0
ISIC_3922602,0
ISIC_3923443,0
ISIC_3923491,0
ISIC_3923705,0
ISIC_3923764,0
ISIC_3924508,0
ISIC_3924772,0
ISIC_3924904,0
ISIC_3925125,0
ISIC_3925208,0
ISIC_3925423,0
ISIC_3926019,0
ISIC_3926261,0
ISIC_3926305,0
ISIC_3926397,0
ISIC_3926929,0
ISIC_3926972,0
ISIC_3927960,0
ISIC_3927991,0
ISIC_3928447,0
ISIC_3928747,0
ISIC_3928910,0
ISIC_3929045,0
ISIC_3930633,0
ISIC_3931132,0
ISIC_3931484,0
ISIC_3932172,0
ISIC_3932232,0
ISIC_3932879,0
ISIC_3932935,0
ISIC_3933364,0
ISIC_3933504,0
ISIC_3933658,0
ISIC_3933828,0
ISIC_3934537,0
ISIC_3934610,0
ISIC_3934613,0
ISIC_3935308,0
ISIC_3935406,0
ISIC_3935802,0
ISIC_3936041,0
ISIC_3936146,0
ISIC_3936214,0
ISIC_3936223,1
ISIC_3936413,0
ISIC_3936830,0
ISIC_3937097,0
ISIC_3937539,0
ISIC_3938204,0
ISIC_3938438,0
ISIC_3939018,0
ISIC_3939383,0
ISIC_3939657,0
ISIC_3939790,0
ISIC_3939820,0
ISIC_3939977,0
ISIC_3940809,0
ISIC_3941123,1
ISIC_3941147,0
ISIC_3941214,0
ISIC_3941554,0
ISIC_3942075,0
ISIC_3942426,0
ISIC_3942947,0
ISIC_3943097,0
ISIC_3943127,0
ISIC_3943136,0
ISIC_3943208,0
ISIC_3943394,0
ISIC_3943822,0
ISIC_3944634,1
ISIC_3945116,0
ISIC_3945469,0
ISIC_3945529,0
ISIC_3945730,0
ISIC_3945766,0
ISIC_3945825,0
ISIC_3945916,0
ISIC_3945984,0
ISIC_3946019,0
ISIC_3946319,0
ISIC_3946914,0
ISIC_3947143,0
ISIC_3947698,0
ISIC_3947876,0
ISIC_3948041,0
ISIC_3948221,0
ISIC_3948344,0
ISIC_3948560,0
ISIC_3948588,0
ISIC_3948754,0
ISIC_3948906,0
ISIC_3950408,0
ISIC_3950474,0
ISIC_3950753,0
ISIC_3950759,0
ISIC_3951020,0
ISIC_3951028,0
ISIC_3951677,0
ISIC_3951907,0
ISIC_3951960,0
ISIC_3952030,0
ISIC_3952070,0
ISIC_3952513,0
ISIC_3952660,0
ISIC_3952694,0
ISIC_3952709,0
ISIC_3953857,0
ISIC_3953975,0
ISIC_3954292,0
ISIC_3955302,0
ISIC_3955379,0
ISIC_3955539,0
ISIC_3956051,0
ISIC_3956335,0
ISIC_3956570,0
ISIC_3956750,0
ISIC_3956848,0
ISIC_3956937,0
ISIC_3957034,0
ISIC_3957077,0
ISIC_3957270,0
ISIC_3957475,0
ISIC_3957830,0
ISIC_3958111,0
ISIC_3959262,0
ISIC_3959570,0
ISIC_3959888,0
ISIC_3959941,0
ISIC_3960794,0
ISIC_3961101,0
ISIC_3961380,0
ISIC_3961647,0
ISIC_3962145,0
ISIC_3962218,0
ISIC_3962359,0
ISIC_3963183,1
ISIC_3964321,0
ISIC_3964401,0
ISIC_3964454,0
ISIC_3964848,0
ISIC_3965087,1
ISIC_3965820,0
ISIC_3965860,0
ISIC_3965872,0
ISIC_3966064,0
ISIC_3966519,0
ISIC_3966717,0
ISIC_3966761,0
ISIC_3967213,0
ISIC_3967953,0
ISIC_3968367,0
ISIC_3969181,0
ISIC_3969232,0
ISIC_3969411,1
ISIC_3969867,0
ISIC_3970105,0
ISIC_3970620,0
ISIC_3971018,0
ISIC_3971174,0
ISIC_3971444,0
ISIC_3971571,0
ISIC_3971616,0
ISIC_3971625,0
ISIC_3971712,0
ISIC_3971830,0
ISIC_3971920,0
ISIC_3972165,0
ISIC_3972249,0
ISIC_3972569,0
ISIC_3973365,0
ISIC_3973431,0
ISIC_3974064,0
ISIC_3974981,0
ISIC_3975133,0
ISIC_3975143,0
ISIC_3975294,0
ISIC_3975427,0
ISIC_3975607,0
ISIC_3975660,0
ISIC_3975743,0
ISIC_3975828,0
ISIC_3976255,0
ISIC_3976463,0
ISIC_3976496,1
ISIC_3976718,0
ISIC_3977393,0
ISIC_3978040,0
ISIC_3978280,0
ISIC_3978469,0
ISIC_3978646,0
ISIC_3978732,0
ISIC_3979054,0
ISIC_3979225,0
ISIC_3979323,0
ISIC_3979826,1
ISIC_3980006,0
ISIC_3980332,0
ISIC_3980606,0
ISIC_3981101,0
ISIC_3981425,0
ISIC_3981621,0
ISIC_3981826,0
ISIC_3981900,0
ISIC_3982377,0
ISIC_3982470,0
ISIC_3982913,0
ISIC_3984090,0
ISIC_3984167,0
ISIC_3984393,0
ISIC_3984965,0
ISIC_3985031,1
ISIC_3985104,0
ISIC_3985110,0
ISIC_3985273,0
ISIC_3985494,0
ISIC_3985675,0
ISIC_3985782,0
ISIC_3985810,0
ISIC_3985979,0
ISIC_3986532,0
ISIC_3986853,0
ISIC_3987159,0
ISIC_3988396,0
ISIC_3989526,0
ISIC_3989566,0
ISIC_3990032,0
ISIC_3990092,0
ISIC_3990124,0
ISIC_3990263,0
ISIC_3990546,0
ISIC_3991186,0
ISIC_3991395,0
ISIC_3991670,0
ISIC_3991842,0
ISIC_3992028,0
ISIC_3992201,0
ISIC_3992223,0
ISIC_3992996,0
ISIC_3993510,0
ISIC_3993801,0
ISIC_3993924,1
ISIC_3994250,0
ISIC_3994631,0
ISIC_3994656,0
ISIC_3994739,0
ISIC_3995579,0
ISIC_3995597,0
ISIC_3995777,0
ISIC_3996056,0
ISIC_3996106,0
ISIC_3996636,0
ISIC_3996640,0
ISIC_3996796,1
ISIC_3996990,0
ISIC_3997033,0
ISIC_3997171,0
ISIC_3997293,0
ISIC_3997331,0
ISIC_3998117,0
ISIC_3998204,0
ISIC_3998306,0
ISIC_3998579,0
ISIC_3998756,0
ISIC_3999125,0
ISIC_3999217,0
ISIC_3999608,0
ISIC_3999614,0
ISIC_3999633,0
ISIC_3999961,0
ISIC_4000087,0
ISIC_4000481,1
ISIC_4000690,0
ISIC_4001269,0
ISIC_4001815,0
ISIC_4001827,0
ISIC_4001846,0
ISIC_4001990,0
ISIC_4002850,0
ISIC_4003722,0
ISIC_4003854,0
ISIC_4003877,0
ISIC_4003988,0
ISIC_4004088,0
ISIC_4004269,0
ISIC_4004283,0
ISIC_4004775,0
ISIC_4005585,0
ISIC_4005830,0
ISIC_4006060,0
ISIC_4006569,0
ISIC_4006606,0
ISIC_4006630,0
ISIC_4006967,0
ISIC_4007215,0
ISIC_4007322,0
ISIC_4007911,0
ISIC_4007918,0
ISIC_4008601,0
ISIC_4009405,0
ISIC_4009855,0
ISIC_4009870,1
ISIC_4011169,0
ISIC_4011902,0
ISIC_4012047,1
ISIC_4012074,0
ISIC_4012163,0
ISIC_4012291,0
ISIC_4013189,0
ISIC_4013513,0
ISIC_4013525,0
ISIC_4013692,0
ISIC_4014307,0
ISIC_4014899,0
ISIC_4014943,0
ISIC_4015023,0
ISIC_4015288,0
ISIC_4015349,0
ISIC_4015361,0
ISIC_4015508,0
ISIC_4015764,0
ISIC_4016654,0
ISIC_4016721,0
ISIC_4016784,0
ISIC_4016837,0
ISIC_4016929,0
ISIC_4017654,0
ISIC_4017765,0
ISIC_4018473,0
ISIC_4018524,0
ISIC_4018813,0
ISIC_4018952,0
ISIC_4019724,0
ISIC_4020689,0
ISIC_4021456,0
ISIC_4021645,0
ISIC_4022621,0
ISIC_4022642,0
ISIC_4022788,0
ISIC_4022802,0
ISIC_4023333,0
ISIC_4023381,0
ISIC_4023618,0
ISIC_4023645,0
ISIC_4023794,0
ISIC_4024062,0
ISIC_4024141,0
ISIC_4024269,0
ISIC_4024333,0
ISIC_4024380,0
ISIC_4024481,0
ISIC_4024691,0
ISIC_4024692,0
ISIC_4024808,0
ISIC_4024877,0
ISIC_4025001,0
ISIC_4025576,0
ISIC_4025800,0
ISIC_4025918,0
ISIC_4026019,0
ISIC_4026093,0
ISIC_4026540,0
ISIC_4026569,0
ISIC_4026806,0
ISIC_4026808,0
ISIC_4026943,0
ISIC_4026996,0
ISIC_4027455,0
ISIC_4027717,0
ISIC_4027816,0
ISIC_4028402,0
ISIC_4029055,0
ISIC_4030363,0
ISIC_4030935,0
ISIC_4030996,0
ISIC_4031143,0
ISIC_4031777,0
ISIC_4032170,0
ISIC_4032288,0
ISIC_4032630,0
ISIC_4032636,0
ISIC_4032638,0
ISIC_4032788,0
ISIC_4033292,0
ISIC_4033321,0
ISIC_4033523,0
ISIC_4033676,0
ISIC_4033750,0
ISIC_4034244,0
ISIC_4034644,0
ISIC_4034806,0
ISIC_4035030,0
ISIC_4035599,0
ISIC_4036507,0
ISIC_4036600,0
ISIC_4036621,0
ISIC_4036915,0
ISIC_4037228,0
ISIC_4037959,0
ISIC_4038618,0
ISIC_4038638,0
ISIC_4038942,0
ISIC_4039290,0
ISIC_4041169,0
ISIC_4041324,0
ISIC_4041555,0
ISIC_4041793,0
ISIC_4042007,0
ISIC_4042405,0
ISIC_4042490,0
ISIC_4042619,0
ISIC_4042947,0
ISIC_4043423,0
ISIC_4043580,0
ISIC_4043589,0
ISIC_4044272,0
ISIC_4044751,0
ISIC_4045231,0
ISIC_4045248,0
ISIC_4045323,0
ISIC_4045781,0
ISIC_4046045,0
ISIC_4046055,0
ISIC_4046640,0
ISIC_4047707,0
ISIC_4047927,0
ISIC_4048449,0
ISIC_4048509,0
ISIC_4049598,0
ISIC_4049855,0
ISIC_4050422,0
ISIC_4050462,0
ISIC_4051128,0
ISIC_4052175,0
ISIC_4052586,0
ISIC_4052597,0
ISIC_4052650,0
ISIC_4052659,0
ISIC_4052701,0
ISIC_4052885,0
ISIC_4053220,0
ISIC_4053989,0
ISIC_4054189,0
ISIC_4054195,0
ISIC_4054745,0
ISIC_4055288,0
ISIC_4055361,0
ISIC_4055745,0
ISIC_4055833,0
ISIC_4056017,0
ISIC_4056158,0
ISIC_4056176,0
ISIC_4056442,0
ISIC_4056548,0
ISIC_4056708,0
ISIC_4057136,0
ISIC_4057236,0
ISIC_4057256,0
ISIC_4057501,0
ISIC_4057634,0
ISIC_4057921,0
ISIC_4058098,0
ISIC_4058149,0
ISIC_4059146,0
ISIC_4059545,0
ISIC_4059746,0
ISIC_4060016,0
ISIC_4060049,0
ISIC_4060769,0
ISIC_4061315,0
ISIC_4061316,0
ISIC_4062017,0
ISIC_4062047,0
ISIC_4062090,0
ISIC_4062586,0
ISIC_4063097,0
ISIC_4063200,0
ISIC_4063325,0
ISIC_4063390,0
ISIC_4063720,0
ISIC_4064041,0
ISIC_4064330,0
ISIC_4064438,0
ISIC_4064779,0
ISIC_4064883,0
ISIC_4064936,0
ISIC_4065034,0
ISIC_4065712,0
ISIC_4065779,0
ISIC_4066013,0
ISIC_4066094,0
ISIC_4066314,0
ISIC_4066707,0
ISIC_4066726,0
ISIC_4067024,0
ISIC_4067241,0
ISIC_4067686,0
ISIC_4067693,0
ISIC_4067727,0
ISIC_4067791,0
ISIC_4067867,0
ISIC_4068301,0
ISIC_4068331,0
ISIC_4068365,0
ISIC_4068608,0
ISIC_4068636,0
ISIC_4068690,0
ISIC_4068824,0
ISIC_4069145,0
ISIC_4069279,0
ISIC_4069483,0
ISIC_4069633,0
ISIC_4069690,0
ISIC_4069836,0
ISIC_4070687,0
ISIC_4071091,0
ISIC_4071099,0
ISIC_4071202,0
ISIC_4071342,0
ISIC_4071351,0
ISIC_4071825,0
ISIC_4072053,0
ISIC_4072073,0
ISIC_4072221,0
ISIC_4072610,0
ISIC_4072730,0
ISIC_4072747,0
ISIC_4072976,0
ISIC_4073074,0
ISIC_4073281,0
ISIC_4073425,0
ISIC_4074094,0
ISIC_4074472,0
ISIC_4074537,0
ISIC_4075148,0
ISIC_4075315,0
ISIC_4075338,0
ISIC_4075547,0
ISIC_4075583,0
ISIC_4075697,0
ISIC_4075797,0
ISIC_4076162,0
ISIC_4076753,0
ISIC_4077252,0
ISIC_4077341,0
ISIC_4077664,0
ISIC_4077768,0
ISIC_4077798,0
ISIC_4078966,0
ISIC_4079108,0
ISIC_4079345,0
ISIC_4080292,0
ISIC_4080784,0
ISIC_4081632,0
ISIC_4082303,0
ISIC_4082318,0
ISIC_4082515,0
ISIC_4083200,0
ISIC_4083225,0
ISIC_4083434,0
ISIC_4083460,0
ISIC_4083947,0
ISIC_4084359,0
ISIC_4084431,0
ISIC_4084523,0
ISIC_4084878,0
ISIC_4085041,0
ISIC_4085198,0
ISIC_4085552,0
ISIC_4085644,0
ISIC_4086048,0
ISIC_4086312,0
ISIC_4086323,0
ISIC_4086375,0
ISIC_4086529,0
ISIC_4086726,0
ISIC_4087028,0
ISIC_4087267,0
ISIC_4087753,0
ISIC_4087851,0
ISIC_4088252,0
ISIC_4088344,0
ISIC_4088444,0
ISIC_4088630,0
ISIC_4088647,0
ISIC_4089243,0
ISIC_4089379,0
ISIC_4090161,0
ISIC_4090494,0
ISIC_4090714,0
ISIC_4090811,0
ISIC_4090965,0
ISIC_4091066,0
ISIC_4091290,0
ISIC_4091981,0
ISIC_4092249,0
ISIC_4092294,0
ISIC_4092478,0
ISIC_4092711,0
ISIC_4093484,0
ISIC_4094763,0
ISIC_4094771,0
ISIC_4094907,0
ISIC_4094925,0
ISIC_4095559,0
ISIC_4095882,0
ISIC_4096200,0
ISIC_4096292,0
ISIC_4096361,0
ISIC_4096462,0
ISIC_4096832,0
ISIC_4097143,0
ISIC_4097632,0
ISIC_4098233,0
ISIC_4098925,0
ISIC_4099058,0
ISIC_4099287,0
ISIC_4099428,0
ISIC_4099750,0
ISIC_4099950,0
ISIC_4100400,0
ISIC_4100532,0
ISIC_4100695,0
ISIC_4100970,0
ISIC_4101237,0
ISIC_4101415,0
ISIC_4101596,0
ISIC_4102250,0
ISIC_4102316,0
ISIC_4102774,0
ISIC_4102922,0
ISIC_4102979,0
ISIC_4103653,0
ISIC_4103984,0
ISIC_4104378,0
ISIC_4104442,0
ISIC_4104650,0
ISIC_4105234,0
ISIC_4106632,0
ISIC_4106852,0
ISIC_4107250,0
ISIC_4107574,0
ISIC_4107717,0
ISIC_4108397,0
ISIC_4108473,0
ISIC_4108571,0
ISIC_4108630,0
ISIC_4109088,0
ISIC_4109725,0
ISIC_4110296,0
ISIC_4110997,0
ISIC_4111260,0
ISIC_4111600,0
ISIC_4111637,0
ISIC_4112392,0
ISIC_4112409,0
ISIC_4112692,0
ISIC_4112980,0
ISIC_4113197,0
ISIC_4113246,0
ISIC_4113535,0
ISIC_4114060,0
ISIC_4114269,0
ISIC_4114436,0
ISIC_4114716,0
ISIC_4114972,0
ISIC_4115135,0
ISIC_4115255,0
ISIC_4116224,0
ISIC_4116553,0
ISIC_4116569,0
ISIC_4116617,0
ISIC_4116770,0
ISIC_4117215,0
ISIC_4118525,0
ISIC_4118762,0
ISIC_4119029,0
ISIC_4119189,0
ISIC_4119325,0
ISIC_4119445,0
ISIC_4120174,1
ISIC_4120236,0
ISIC_4120704,0
ISIC_4120771,0
ISIC_4121595,0
ISIC_4122125,0
ISIC_4122234,0
ISIC_4122442,0
ISIC_4123007,0
ISIC_4123109,0
ISIC_4123491,0
ISIC_4124060,0
ISIC_4124332,0
ISIC_4125010,0
ISIC_4125071,0
ISIC_4125181,0
ISIC_4125718,0
ISIC_4126021,0
ISIC_4126295,0
ISIC_4126822,0
ISIC_4127016,0
ISIC_4127065,0
ISIC_4127351,0
ISIC_4127690,0
ISIC_4127965,0
ISIC_4127968,0
ISIC_4128129,0
ISIC_4128342,0
ISIC_4129321,0
ISIC_4129376,0
ISIC_4129443,0
ISIC_4129493,0
ISIC_4129894,0
ISIC_4130167,0
ISIC_4130478,0
ISIC_4130540,0
ISIC_4131236,0
ISIC_4131353,0
ISIC_4131697,0
ISIC_4131810,0
ISIC_4131961,0
ISIC_4132000,0
ISIC_4132022,0
ISIC_4132082,0
ISIC_4132613,0
ISIC_4132656,0
ISIC_4132685,0
ISIC_4132876,0
ISIC_4132992,0
ISIC_4133665,0
ISIC_4133875,0
ISIC_4134237,0
ISIC_4134314,0
ISIC_4134969,0
ISIC_4135058,0
ISIC_4136351,0
ISIC_4136391,0
ISIC_4136591,0
ISIC_4136663,0
ISIC_4136832,0
ISIC_4137093,0
ISIC_4137198,0
ISIC_4137545,0
ISIC_4137694,0
ISIC_4137798,0
ISIC_4137821,0
ISIC_4138181,0
ISIC_4138196,0
ISIC_4138273,0
ISIC_4138377,0
ISIC_4139000,0
ISIC_4139135,0
ISIC_4139260,0
ISIC_4139442,0
ISIC_4140008,0
ISIC_4140193,0
ISIC_4140471,0
ISIC_4140634,0
ISIC_4140935,0
ISIC_4141491,0
ISIC_4141515,0
ISIC_4141898,0
ISIC_4142019,0
ISIC_4142024,0
ISIC_4142239,0
ISIC_4143253,0
ISIC_4143410,0
ISIC_4143443,0
ISIC_4143831,0
ISIC_4143845,0
ISIC_4144198,0
ISIC_4144626,0
ISIC_4144963,0
ISIC_4145523,0
ISIC_4145671,0
ISIC_4146291,0
ISIC_4146342,0
ISIC_4147040,0
ISIC_4147166,0
ISIC_4147328,0
ISIC_4147719,0
ISIC_4148086,0
ISIC_4148681,0
ISIC_4149144,0
ISIC_4149704,0
ISIC_4150178,0
ISIC_4150885,0
ISIC_4151356,0
ISIC_4152689,0
ISIC_4153234,0
ISIC_4153542,0
ISIC_4153687,0
ISIC_4153900,0
ISIC_4154293,0
ISIC_4154497,0
ISIC_4154608,0
ISIC_4155168,0
ISIC_4155471,0
ISIC_4155780,0
ISIC_4156010,0
ISIC_4156205,0
ISIC_4156405,0
ISIC_4156689,0
ISIC_4156791,0
ISIC_4157049,0
ISIC_4157237,0
ISIC_4157955,0
ISIC_4158432,0
ISIC_4158555,0
ISIC_4158672,0
ISIC_4158721,0
ISIC_4158984,0
ISIC_4159272,0
ISIC_4159394,0
ISIC_4159420,0
ISIC_4159621,0
ISIC_4159742,0
ISIC_4160574,0
ISIC_4160636,0
ISIC_4160755,0
ISIC_4160773,0
ISIC_4161113,0
ISIC_4161205,0
ISIC_4161227,0
ISIC_4161256,0
ISIC_4161718,0
ISIC_4161929,0
ISIC_4162336,0
ISIC_4162354,0
ISIC_4162774,0
ISIC_4162828,0
ISIC_4163009,0
ISIC_4163143,0
ISIC_4163686,1
ISIC_4163843,0
ISIC_4163881,0
ISIC_4163930,0
ISIC_4164065,0
ISIC_4164426,0
ISIC_4164633,0
ISIC_4164882,0
ISIC_4164955,0
ISIC_4165214,0
ISIC_4165761,0
ISIC_4166364,0
ISIC_4166393,0
ISIC_4166490,0
ISIC_4167053,0
ISIC_4167210,0
ISIC_4167216,0
ISIC_4167334,0
ISIC_4167610,0
ISIC_4167654,0
ISIC_4167726,0
ISIC_4168757,0
ISIC_4169117,0
ISIC_4169481,0
ISIC_4170498,0
ISIC_4170698,1
ISIC_4171787,0
ISIC_4172423,0
ISIC_4172470,0
ISIC_4172686,0
ISIC_4172804,0
ISIC_4173783,0
ISIC_4174013,0
ISIC_4174378,0
ISIC_4174479,0
ISIC_4174592,0
ISIC_4174614,0
ISIC_4174983,0
ISIC_4175400,0
ISIC_4175439,0
ISIC_4176259,0
ISIC_4176335,0
ISIC_4176366,0
ISIC_4176448,0
ISIC_4176809,0
ISIC_4176815,0
ISIC_4177043,0
ISIC_4177415,0
ISIC_4177761,0
ISIC_4178745,0
ISIC_4180373,0
ISIC_4180497,0
ISIC_4180979,0
ISIC_4181042,0
ISIC_4181204,0
ISIC_4181530,0
ISIC_4181565,0
ISIC_4181595,0
ISIC_4181628,0
ISIC_4182102,0
ISIC_4182214,0
ISIC_4182781,0
ISIC_4182801,0
ISIC_4183816,0
ISIC_4183857,0
ISIC_4183926,0
ISIC_4184050,0
ISIC_4184100,0
ISIC_4184101,0
ISIC_4184433,0
ISIC_4185414,0
ISIC_4185719,0
ISIC_4186524,0
ISIC_4187393,0
ISIC_4187485,0
ISIC_4187524,0
ISIC_4187725,0
ISIC_4188203,0
ISIC_4188624,0
ISIC_4188644,0
ISIC_4188998,0
ISIC_4189111,0
ISIC_4189297,0
ISIC_4189494,0
ISIC_4189520,0
ISIC_4189633,0
ISIC_4189981,0
ISIC_4190314,0
ISIC_4190569,0
ISIC_4190595,0
ISIC_4190706,0
ISIC_4190900,0
ISIC_4190910,0
ISIC_4190964,0
ISIC_4191011,0
ISIC_4191094,0
ISIC_4191202,0
ISIC_4191215,0
ISIC_4191363,0
ISIC_4191663,0
ISIC_4192125,0
ISIC_4192149,0
ISIC_4192307,0
ISIC_4192383,0
ISIC_4192466,0
ISIC_4193253,0
ISIC_4193594,0
ISIC_4193775,0
ISIC_4194002,0
ISIC_4195490,0
ISIC_4195837,0
ISIC_4195950,0
ISIC_4195990,0
ISIC_4196596,0
ISIC_4197781,0
ISIC_4197892,0
ISIC_4198374,0
ISIC_4198406,0
ISIC_4198421,0
ISIC_4198902,0
ISIC_4198984,0
ISIC_4199101,0
ISIC_4199686,0
ISIC_4200081,0
ISIC_4200486,0
ISIC_4200673,0
ISIC_4201327,0
ISIC_4201406,0
ISIC_4201571,0
ISIC_4201891,0
ISIC_4201955,0
ISIC_4201989,0
ISIC_4202054,0
ISIC_4202615,0
ISIC_4203206,0
ISIC_4203526,0
ISIC_4203961,0
ISIC_4204880,0
ISIC_4205013,0
ISIC_4205242,0
ISIC_4205815,0
ISIC_4205922,0
ISIC_4206035,0
ISIC_4206375,0
ISIC_4206472,0
ISIC_4207079,0
ISIC_4207851,0
ISIC_4208361,0
ISIC_4209411,0
ISIC_4209819,0
ISIC_4210002,0
ISIC_4210734,0
ISIC_4210740,0
ISIC_4210857,0
ISIC_4210941,0
ISIC_4211868,0
ISIC_4211990,0
ISIC_4212044,0
ISIC_4212184,0
ISIC_4212259,0
ISIC_4212454,0
ISIC_4212457,0
ISIC_4212689,0
ISIC_4213876,0
ISIC_4214519,0
ISIC_4214531,0
ISIC_4214813,0
ISIC_4215060,0
ISIC_4216169,0
ISIC_4216468,0
ISIC_4216750,0
ISIC_4217321,0
ISIC_4217677,0
ISIC_4217963,0
ISIC_4219589,0
ISIC_4219607,0
ISIC_4219834,0
ISIC_4220010,0
ISIC_4220279,0
ISIC_4220326,0
ISIC_4220845,0
ISIC_4221317,0
ISIC_4221464,0
ISIC_4221726,0
ISIC_4221778,0
ISIC_4221820,0
ISIC_4222275,0
ISIC_4222616,0
ISIC_4222843,0
ISIC_4223155,1
ISIC_4223575,0
ISIC_4223734,0
ISIC_4224064,0
ISIC_4225027,0
ISIC_4225838,0
ISIC_4226349,0
ISIC_4226395,0
ISIC_4226673,0
ISIC_4226975,0
ISIC_4227174,0
ISIC_4227209,0
ISIC_4227377,0
ISIC_4227455,0
ISIC_4227624,0
ISIC_4227640,0
ISIC_4228799,0
ISIC_4228971,0
ISIC_4229429,0
ISIC_4229473,1
ISIC_4229849,0
ISIC_4229978,0
ISIC_4230049,1
ISIC_4230432,0
ISIC_4230496,0
ISIC_4231032,0
ISIC_4231051,0
ISIC_4231065,0
ISIC_4231127,0
ISIC_4231292,0
ISIC_4231346,0
ISIC_4231732,0
ISIC_4232053,0
ISIC_4232172,0
ISIC_4232370,0
ISIC_4232726,0
ISIC_4232756,0
ISIC_4232761,0
ISIC_4233248,0
ISIC_4233746,0
ISIC_4233755,0
ISIC_4234271,0
ISIC_4234402,0
ISIC_4235137,0
ISIC_4235215,0
ISIC_4235503,0
ISIC_4236274,0
ISIC_4237064,0
ISIC_4237327,0
ISIC_4237725,0
ISIC_4238222,0
ISIC_4238548,0
ISIC_4238945,0
ISIC_4238950,0
ISIC_4239652,0
ISIC_4240898,0
ISIC_4241286,0
ISIC_4241316,0
ISIC_4241347,0
ISIC_4241907,0
ISIC_4242504,0
ISIC_4242559,0
ISIC_4242926,0
ISIC_4243283,0
ISIC_4243470,0
ISIC_4243720,0
ISIC_4243801,0
ISIC_4243947,0
ISIC_4244697,0
ISIC_4244832,0
ISIC_4244870,0
ISIC_4245634,0
ISIC_4246086,0
ISIC_4247149,0
ISIC_4247204,0
ISIC_4247289,0
ISIC_4247550,0
ISIC_4247778,0
ISIC_4247853,0
ISIC_4247898,0
ISIC_4247917,0
ISIC_4248007,0
ISIC_4248013,0
ISIC_4248187,0
ISIC_4248273,0
ISIC_4248447,0
ISIC_4248524,0
ISIC_4248784,0
ISIC_4248858,0
ISIC_4249243,0
ISIC_4249893,0
ISIC_4250465,0
ISIC_4251081,0
ISIC_4251930,0
ISIC_4252268,0
ISIC_4252285,0
ISIC_4252502,0
ISIC_4252547,0
ISIC_4252887,0
ISIC_4253346,0
ISIC_4253348,0
ISIC_4253563,0
ISIC_4253581,0
ISIC_4253846,0
ISIC_4253935,0
ISIC_4254237,0
ISIC_4254524,0
ISIC_4254687,0
ISIC_4254744,0
ISIC_4254745,0
ISIC_4254754,0
ISIC_4254809,0
ISIC_4255013,0
ISIC_4255737,0
ISIC_4255923,0
ISIC_4256214,0
ISIC_4257537,0
ISIC_4257634,0
ISIC_4257799,0
ISIC_4257938,0
ISIC_4258283,0
ISIC_4259202,0
ISIC_4259290,0
ISIC_4260257,0
ISIC_4261232,0
ISIC_4261531,0
ISIC_4261725,0
ISIC_4261854,0
ISIC_4262059,0
ISIC_4262522,0
ISIC_4262670,0
ISIC_4262925,0
ISIC_4262989,0
ISIC_4263017,0
ISIC_4263521,0
ISIC_4264358,0
ISIC_4264422,0
ISIC_4264600,0
ISIC_4264802,0
ISIC_4264826,0
ISIC_4264897,0
ISIC_4265307,0
ISIC_4265714,0
ISIC_4265726,0
ISIC_4265755,0
ISIC_4266157,0
ISIC_4266246,0
ISIC_4266455,0
ISIC_4266467,0
ISIC_4266501,0
ISIC_4266533,1
ISIC_4266570,0
ISIC_4266571,0
ISIC_4267177,0
ISIC_4267683,0
ISIC_4267696,0
ISIC_4267719,0
ISIC_4268757,0
ISIC_4269227,0
ISIC_4269911,0
ISIC_4270126,0
ISIC_4270163,0
ISIC_4270738,0
ISIC_4271108,0
ISIC_4271110,0
ISIC_4271140,0
ISIC_4271377,0
ISIC_4271489,0
ISIC_4271700,0
ISIC_4272084,0
ISIC_4272317,0
ISIC_4272459,0
ISIC_4273692,0
ISIC_4273868,0
ISIC_4273914,0
ISIC_4274300,0
ISIC_4274519,0
ISIC_4274953,0
ISIC_4275338,0
ISIC_4276014,0
ISIC_4276255,1
ISIC_4276528,0
ISIC_4276933,0
ISIC_4277163,0
ISIC_4277207,0
ISIC_4277677,0
ISIC_4278330,0
ISIC_4278349,0
ISIC_4278440,0
ISIC_4278569,0
ISIC_4278981,0
ISIC_4279689,0
ISIC_4280104,0
ISIC_4280352,0
ISIC_4280835,0
ISIC_4280886,0
ISIC_4281113,0
ISIC_4281745,0
ISIC_4281858,0
ISIC_4281872,0
ISIC_4282056,0
ISIC_4282579,0
ISIC_4282634,0
ISIC_4282719,0
ISIC_4282783,0
ISIC_4283351,0
ISIC_4284380,0
ISIC_4285297,0
ISIC_4285699,0
ISIC_4286541,0
ISIC_4286715,0
ISIC_4286818,0
ISIC_4286837,0
ISIC_4287317,0
ISIC_4287463,0
ISIC_4287506,0
ISIC_4288266,0
ISIC_4288307,0
ISIC_4288522,0
ISIC_4288709,0
ISIC_4288845,0
ISIC_4289345,0
ISIC_4289873,0
ISIC_4289906,0
ISIC_4290875,0
ISIC_4291750,0
ISIC_4291830,0
ISIC_4291899,0
ISIC_4291907,0
ISIC_4292681,0
ISIC_4292703,0
ISIC_4292708,0
ISIC_4292879,0
ISIC_4293124,0
ISIC_4293419,0
ISIC_4293652,0
ISIC_4294419,0
ISIC_4294705,0
ISIC_4295092,0
ISIC_4295415,0
ISIC_4296030,0
ISIC_4296456,0
ISIC_4296518,0
ISIC_4296616,0
ISIC_4297655,0
ISIC_4298309,0
ISIC_4298420,0
ISIC_4298624,0
ISIC_4298761,0
ISIC_4299055,0
ISIC_4299159,0
ISIC_4299282,0
ISIC_4299328,0
ISIC_4299647,0
ISIC_4300178,0
ISIC_4300657,0
ISIC_4300983,0
ISIC_4301050,0
ISIC_4301302,0
ISIC_4301919,0
ISIC_4301997,0
ISIC_4302410,0
ISIC_4302883,0
ISIC_4303228,0
ISIC_4303372,0
ISIC_4304068,0
ISIC_4305663,0
ISIC_4305685,0
ISIC_4305845,0
ISIC_4305951,0
ISIC_4306308,0
ISIC_4306724,0
ISIC_4306844,0
ISIC_4307005,0
ISIC_4307205,0
ISIC_4307219,0
ISIC_4307344,0
ISIC_4307490,0
ISIC_4307626,0
ISIC_4308923,0
ISIC_4309183,0
ISIC_4309381,0
ISIC_4310074,0
ISIC_4310834,0
ISIC_4310869,0
ISIC_4311436,0
ISIC_4311486,0
ISIC_4311544,0
ISIC_4311592,0
ISIC_4311777,0
ISIC_4311858,0
ISIC_4312047,0
ISIC_4312138,0
ISIC_4312155,0
ISIC_4312470,0
ISIC_4312761,0
ISIC_4312804,0
ISIC_4312835,0
ISIC_4312841,0
ISIC_4313352,0
ISIC_4314003,0
ISIC_4314089,0
ISIC_4314417,0
ISIC_4314577,0
ISIC_4315107,0
ISIC_4315525,0
ISIC_4315613,0
ISIC_4315770,0
ISIC_4316406,0
ISIC_4316501,0
ISIC_4316571,0
ISIC_4317382,0
ISIC_4317478,0
ISIC_4317759,0
ISIC_4318374,0
ISIC_4318718,0
ISIC_4319491,0
ISIC_4319859,0
ISIC_4319874,0
ISIC_4319945,0
ISIC_4319958,0
ISIC_4320200,0
ISIC_4320994,0
ISIC_4321592,0
ISIC_4321815,0
ISIC_4321966,0
ISIC_4322723,0
ISIC_4322822,0
ISIC_4322848,0
ISIC_4322954,0
ISIC_4323070,0
ISIC_4323160,0
ISIC_4323332,0
ISIC_4323391,0
ISIC_4323911,0
ISIC_4324163,0
ISIC_4324879,0
ISIC_4325003,0
ISIC_4325049,0
ISIC_4325155,0
ISIC_4325452,0
ISIC_4326053,0
ISIC_4326159,0
ISIC_4326917,0
ISIC_4327046,0
ISIC_4327071,0
ISIC_4327247,0
ISIC_4327358,0
ISIC_4327394,0
ISIC_4327406,0
ISIC_4327535,0
ISIC_4327560,0
ISIC_4327726,0
ISIC_4327760,0
ISIC_4328501,0
ISIC_4328580,0
ISIC_4328662,0
ISIC_4329176,0
ISIC_4329544,0
ISIC_4329598,0
ISIC_4329876,0
ISIC_4330005,0
ISIC_4330074,0
ISIC_4330267,0
ISIC_4330291,0
ISIC_4330796,0
ISIC_4331174,0
ISIC_4331395,0
ISIC_4331481,0
ISIC_4331936,0
ISIC_4332529,0
ISIC_4332771,0
ISIC_4332846,0
ISIC_4332885,0
ISIC_4333412,0
ISIC_4334767,0
ISIC_4335023,0
ISIC_4335080,0
ISIC_4335188,0
ISIC_4335732,0
ISIC_4335758,0
ISIC_4336409,0
ISIC_4336970,0
ISIC_4337318,0
ISIC_4338132,0
ISIC_4338927,0
ISIC_4339752,0
ISIC_4340139,0
ISIC_4340428,0
ISIC_4340509,0
ISIC_4341135,0
ISIC_4341261,0
ISIC_4341685,0
ISIC_4341875,0
ISIC_4342416,0
ISIC_4343129,0
ISIC_4343552,0
ISIC_4343836,0
ISIC_4344540,0
ISIC_4344870,0
ISIC_4344995,0
ISIC_4345000,0
ISIC_4345015,0
ISIC_4345114,0
ISIC_4345168,0
ISIC_4345522,0
ISIC_4345773,0
ISIC_4346660,0
ISIC_4346693,1
ISIC_4347161,0
ISIC_4347590,0
ISIC_4347596,0
ISIC_4347744,0
ISIC_4348010,0
ISIC_4348334,0
ISIC_4348579,0
ISIC_4348896,0
ISIC_4348994,0
ISIC_4349418,0
ISIC_4349612,0
ISIC_4349724,0
ISIC_4350093,0
ISIC_4350772,0
ISIC_4350874,0
ISIC_4350914,0
ISIC_4350924,0
ISIC_4351077,0
ISIC_4351248,0
ISIC_4351306,0
ISIC_4351814,0
ISIC_4351868,0
ISIC_4352209,0
ISIC_4352303,0
ISIC_4352457,0
ISIC_4352700,0
ISIC_4352838,0
ISIC_4352854,0
ISIC_4352991,0
ISIC_4353963,0
ISIC_4354520,0
ISIC_4354772,0
ISIC_4354797,0
ISIC_4354857,0
ISIC_4354896,0
ISIC_4355229,0
ISIC_4355465,0
ISIC_4355518,0
ISIC_4355549,0
ISIC_4356872,0
ISIC_4357596,0
ISIC_4357821,0
ISIC_4357962,0
ISIC_4358017,0
ISIC_4358550,0
ISIC_4358727,0
ISIC_4359258,0
ISIC_4359340,0
ISIC_4359707,0
ISIC_4360127,0
ISIC_4360240,0
ISIC_4360908,0
ISIC_4361405,0
ISIC_4361854,0
ISIC_4362449,0
ISIC_4362614,0
ISIC_4362713,1
ISIC_4362778,0
ISIC_4362889,0
ISIC_4363269,0
ISIC_4363398,0
ISIC_4363557,0
ISIC_4363579,0
ISIC_4363603,0
ISIC_4363665,0
ISIC_4363841,0
ISIC_4363897,0
ISIC_4364153,0
ISIC_4364169,0
ISIC_4364382,0
ISIC_4364397,0
ISIC_4364454,0
ISIC_4364740,0
ISIC_4364788,0
ISIC_4365093,0
ISIC_4365445,0
ISIC_4365769,0
ISIC_4366032,0
ISIC_4366055,0
ISIC_4366175,0
ISIC_4366213,0
ISIC_4366350,0
ISIC_4366627,0
ISIC_4366946,0
ISIC_4367789,0
ISIC_4367829,0
ISIC_4367917,0
ISIC_4368411,0
ISIC_4368478,0
ISIC_4368650,0
ISIC_4369035,0
ISIC_4369062,0
ISIC_4369805,0
ISIC_4369851,0
ISIC_4370751,0
ISIC_4370988,0
ISIC_4371210,0
ISIC_4371865,0
ISIC_4371913,0
ISIC_4372133,0
ISIC_4372243,0
ISIC_4372519,0
ISIC_4372880,0
ISIC_4373429,0
ISIC_4373563,0
ISIC_4373733,0
ISIC_4373835,0
ISIC_4373904,0
ISIC_4374554,0
ISIC_4374944,0
ISIC_4375524,0
ISIC_4375532,0
ISIC_4375821,0
ISIC_4375862,0
ISIC_4375870,0
ISIC_4376010,0
ISIC_4376261,0
ISIC_4376918,0
ISIC_4377059,0
ISIC_4377193,0
ISIC_4377208,1
ISIC_4377245,0
ISIC_4377403,0
ISIC_4377893,0
ISIC_4378189,1
ISIC_4378242,0
ISIC_4378584,0
ISIC_4378793,0
ISIC_4378851,0
ISIC_4379502,0
ISIC_4379788,0
ISIC_4379942,0
ISIC_4379945,0
ISIC_4380268,0
ISIC_4380623,0
ISIC_4381427,0
ISIC_4382004,0
ISIC_4382115,0
ISIC_4382153,0
ISIC_4382390,0
ISIC_4382472,0
ISIC_4383671,0
ISIC_4384016,0
ISIC_4384199,0
ISIC_4384331,0
ISIC_4384341,0
ISIC_4384614,0
ISIC_4384861,0
ISIC_4385152,0
ISIC_4385326,0
ISIC_4385637,0
ISIC_4385762,0
ISIC_4385893,0
ISIC_4386659,0
ISIC_4387517,0
ISIC_4387797,0
ISIC_4387858,0
ISIC_4388706,0
ISIC_4388906,0
ISIC_4388949,0
ISIC_4389370,0
ISIC_4389708,0
ISIC_4389962,0
ISIC_4390848,0
ISIC_4390968,0
ISIC_4391043,0
ISIC_4391104,0
ISIC_4391894,0
ISIC_4391904,0
ISIC_4391909,0
ISIC_4391942,0
ISIC_4392384,0
ISIC_4392916,0
ISIC_4393209,0
ISIC_4393521,0
ISIC_4393537,0
ISIC_4393704,0
ISIC_4393733,0
ISIC_4394163,0
ISIC_4394524,0
ISIC_4394837,0
ISIC_4394972,0
ISIC_4395111,0
ISIC_4395329,0
ISIC_4396406,0
ISIC_4396411,0
ISIC_4396553,0
ISIC_4396799,0
ISIC_4397068,0
ISIC_4397087,0
ISIC_4397205,0
ISIC_4397755,0
ISIC_4397871,0
ISIC_4398011,1
ISIC_4398957,0
ISIC_4399411,0
ISIC_4399740,0
ISIC_4399771,0
ISIC_4399814,0
ISIC_4399858,0
ISIC_4400140,0
ISIC_4400186,0
ISIC_4400397,0
ISIC_4400664,0
ISIC_4401014,0
ISIC_4401524,0
ISIC_4402731,0
ISIC_4403411,0
ISIC_4404036,0
ISIC_4404649,0
ISIC_4404772,1
ISIC_4404893,0
ISIC_4405196,0
ISIC_4405883,0
ISIC_4405986,0
ISIC_4406292,0
ISIC_4406629,0
ISIC_4407024,0
ISIC_4407516,0
ISIC_4407617,0
ISIC_4408559,1
ISIC_4408786,0
ISIC_4409067,0
ISIC_4409266,0
ISIC_4409713,0
ISIC_4409740,0
ISIC_4409799,0
ISIC_4409939,0
ISIC_4410725,0
ISIC_4411874,0
ISIC_4411889,0
ISIC_4411925,0
ISIC_4412555,0
ISIC_4412821,0
ISIC_4413140,0
ISIC_4413418,0
ISIC_4413508,0
ISIC_4414811,0
ISIC_4414841,0
ISIC_4415049,0
ISIC_4415203,0
ISIC_4416817,0
ISIC_4417054,0
ISIC_4417295,0
ISIC_4417495,0
ISIC_4418220,0
ISIC_4418259,0
ISIC_4418458,0
ISIC_4418545,0
ISIC_4418581,0
ISIC_4419280,0
ISIC_4419352,0
ISIC_4419431,0
ISIC_4419522,0
ISIC_4419686,0
ISIC_4419720,0
ISIC_4419837,0
ISIC_4420070,0
ISIC_4420727,0
ISIC_4420952,0
ISIC_4421064,0
ISIC_4421291,0
ISIC_4422047,0
ISIC_4422302,0
ISIC_4422476,0
ISIC_4422580,0
ISIC_4423793,0
ISIC_4423812,0
ISIC_4424322,0
ISIC_4424729,0
ISIC_4425322,1
ISIC_4425604,0
ISIC_4425657,1
ISIC_4425766,0
ISIC_4426166,0
ISIC_4426187,0
ISIC_4426345,0
ISIC_4426377,0
ISIC_4427161,0
ISIC_4427596,0
ISIC_4427755,0
ISIC_4427949,0
ISIC_4428309,0
ISIC_4428649,0
ISIC_4428769,0
ISIC_4429297,0
ISIC_4429406,0
ISIC_4430409,0
ISIC_4430697,0
ISIC_4430815,0
ISIC_4430934,0
ISIC_4430946,0
ISIC_4431715,0
ISIC_4431773,0
ISIC_4431858,0
ISIC_4432269,0
ISIC_4432735,0
ISIC_4432898,0
ISIC_4433244,0
ISIC_4433514,0
ISIC_4433552,0
ISIC_4433582,0
ISIC_4433684,0
ISIC_4433832,0
ISIC_4434040,0
ISIC_4434221,0
ISIC_4434225,0
ISIC_4434803,0
ISIC_4434947,0
ISIC_4435057,0
ISIC_4435164,0
ISIC_4435262,0
ISIC_4435370,0
ISIC_4435776,0
ISIC_4435838,0
ISIC_4435840,0
ISIC_4436342,0
ISIC_4436649,0
ISIC_4436810,0
ISIC_4436833,0
ISIC_4437425,0
ISIC_4437672,0
ISIC_4438311,0
ISIC_4438597,0
ISIC_4439054,1
ISIC_4440543,0
ISIC_4441648,0
ISIC_4441861,0
ISIC_4442418,0
ISIC_4442490,0
ISIC_4442506,0
ISIC_4442772,0
ISIC_4442900,0
ISIC_4442983,0
ISIC_4443373,0
ISIC_4443545,0
ISIC_4443776,0
ISIC_4444623,0
ISIC_4445501,0
ISIC_4445635,0
ISIC_4445729,0
ISIC_4446385,0
ISIC_4446879,0
ISIC_4447973,0
ISIC_4448257,0
ISIC_4448341,0
ISIC_4448375,0
ISIC_4448604,0
ISIC_4448959,0
ISIC_4448994,0
ISIC_4450231,0
ISIC_4450909,0
ISIC_4451735,0
ISIC_4451966,0
ISIC_4452168,0
ISIC_4452219,0
ISIC_4452228,0
ISIC_4452233,0
ISIC_4452285,0
ISIC_4452420,0
ISIC_4452748,0
ISIC_4452819,0
ISIC_4453489,0
ISIC_4453506,0
ISIC_4454485,0
ISIC_4454509,0
ISIC_4455413,0
ISIC_4455601,0
ISIC_4455932,0
ISIC_4456116,0
ISIC_4456117,0
ISIC_4456975,0
ISIC_4457207,0
ISIC_4457514,0
ISIC_4457552,0
ISIC_4457587,0
ISIC_4458567,0
ISIC_4458627,0
ISIC_4459001,0
ISIC_4459125,0
ISIC_4460849,0
ISIC_4461610,0
ISIC_4461785,0
ISIC_4461919,0
ISIC_4462476,0
ISIC_4462621,0
ISIC_4462681,0
ISIC_4462773,0
ISIC_4462821,0
ISIC_4462870,0
ISIC_4462876,0
ISIC_4463086,0
ISIC_4463126,0
ISIC_4463482,0
ISIC_4463660,0
ISIC_4463837,0
ISIC_4464311,0
ISIC_4464519,0
ISIC_4464522,0
ISIC_4464702,0
ISIC_4464935,0
ISIC_4465089,0
ISIC_4465475,0
ISIC_4465529,0
ISIC_4466413,0
ISIC_4466975,0
ISIC_4467150,0
ISIC_4468129,0
ISIC_4468148,0
ISIC_4468180,0
ISIC_4468439,0
ISIC_4468474,0
ISIC_4468549,0
ISIC_4468787,0
ISIC_4469476,1
ISIC_4469805,0
ISIC_4470123,0
ISIC_4470206,0
ISIC_4470494,0
ISIC_4470574,0
ISIC_4470766,0
ISIC_4471367,0
ISIC_4471567,0
ISIC_4471783,0
ISIC_4472381,0
ISIC_4472903,0
ISIC_4473124,0
ISIC_4473807,0
ISIC_4474170,0
ISIC_4474341,0
ISIC_4474352,0
ISIC_4474899,0
ISIC_4474970,0
ISIC_4475268,0
ISIC_4475297,0
ISIC_4475489,0
ISIC_4475657,0
ISIC_4476854,0
ISIC_4477003,0
ISIC_4477167,0
ISIC_4477448,0
ISIC_4477481,0
ISIC_4477599,0
ISIC_4477650,0
ISIC_4477916,0
ISIC_4478231,0
ISIC_4478276,0
ISIC_4478326,0
ISIC_4478337,0
ISIC_4478364,0
ISIC_4479651,0
ISIC_4479844,0
ISIC_4480504,0
ISIC_4481065,0
ISIC_4481320,0
ISIC_4481362,0
ISIC_4481684,0
ISIC_4482522,0
ISIC_4482569,0
ISIC_4482610,0
ISIC_4482928,0
ISIC_4483070,0
ISIC_4483719,0
ISIC_4484431,0
ISIC_4484889,0
ISIC_4484966,0
ISIC_4485854,0
ISIC_4486332,0
ISIC_4486352,0
ISIC_4487036,0
ISIC_4487081,0
ISIC_4487429,0
ISIC_4487589,0
ISIC_4487743,0
ISIC_4488579,0
ISIC_4489169,0
ISIC_4489229,0
ISIC_4489593,0
ISIC_4489625,0
ISIC_4489943,0
ISIC_4490077,0
ISIC_4490219,0
ISIC_4490800,0
ISIC_4490903,0
ISIC_4491273,0
ISIC_4491376,0
ISIC_4493028,0
ISIC_4493245,0
ISIC_4493347,0
ISIC_4493482,1
ISIC_4493499,0
ISIC_4493771,0
ISIC_4494022,0
ISIC_4494314,0
ISIC_4494407,0
ISIC_4494444,0
ISIC_4494516,0
ISIC_4494731,0
ISIC_4495092,0
ISIC_4495099,0
ISIC_4495210,0
ISIC_4495224,0
ISIC_4495272,0
ISIC_4495397,0
ISIC_4495986,0
ISIC_4496143,0
ISIC_4496457,0
ISIC_4496483,0
ISIC_4496559,0
ISIC_4496665,0
ISIC_4497032,0
ISIC_4497120,0
ISIC_4497294,0
ISIC_4497373,0
ISIC_4497904,0
ISIC_4498012,0
ISIC_4498746,0
ISIC_4498803,0
ISIC_4499109,0
ISIC_4499263,0
ISIC_4499380,0
ISIC_4499925,0
ISIC_4499992,0
ISIC_4500184,0
ISIC_4500287,0
ISIC_4500503,0
ISIC_4500518,0
ISIC_4500574,0
ISIC_4500621,0
ISIC_4501708,0
ISIC_4501838,0
ISIC_4501947,0
ISIC_4502420,0
ISIC_4502443,0
ISIC_4502605,0
ISIC_4504995,0
ISIC_4505089,0
ISIC_4505178,0
ISIC_4505293,0
ISIC_4505852,0
ISIC_4506174,0
ISIC_4506190,0
ISIC_4506292,0
ISIC_4506356,0
ISIC_4506406,0
ISIC_4506518,0
ISIC_4506930,0
ISIC_4507193,0
ISIC_4507700,0
ISIC_4508511,0
ISIC_4508523,0
ISIC_4508878,1
ISIC_4508966,0
ISIC_4509525,0
ISIC_4509624,0
ISIC_4509806,0
ISIC_4509925,0
ISIC_4510342,0
ISIC_4510707,0
ISIC_4511027,0
ISIC_4511511,0
ISIC_4511574,0
ISIC_4511841,0
ISIC_4512203,0
ISIC_4512260,0
ISIC_4512891,0
ISIC_4513059,0
ISIC_4513493,0
ISIC_4513704,0
ISIC_4513843,0
ISIC_4513934,0
ISIC_4514446,0
ISIC_4514456,0
ISIC_4514511,0
ISIC_4515826,0
ISIC_4516137,0
ISIC_4516437,0
ISIC_4516835,0
ISIC_4517117,0
ISIC_4517203,0
ISIC_4517497,0
ISIC_4517595,0
ISIC_4517738,1
ISIC_4518003,0
ISIC_4518384,0
ISIC_4518794,0
ISIC_4519298,0
ISIC_4520168,0
ISIC_4520470,0
ISIC_4520704,0
ISIC_4521222,0
ISIC_4521482,0
ISIC_4521497,0
ISIC_4522014,0
ISIC_4522095,0
ISIC_4522302,0
ISIC_4523138,0
ISIC_4523238,1
ISIC_4523382,1
ISIC_4523565,0
ISIC_4523750,0
ISIC_4524422,0
ISIC_4524431,0
ISIC_4524493,0
ISIC_4524763,0
ISIC_4524900,0
ISIC_4525084,0
ISIC_4525143,0
ISIC_4525243,0
ISIC_4525317,1
ISIC_4525463,0
ISIC_4525700,0
ISIC_4525721,0
ISIC_4526238,0
ISIC_4526367,0
ISIC_4526581,0
ISIC_4526991,0
ISIC_4527040,0
ISIC_4527227,0
ISIC_4527661,0
ISIC_4527758,0
ISIC_4527901,0
ISIC_4528136,0
ISIC_4528140,0
ISIC_4528219,0
ISIC_4528262,0
ISIC_4528712,0
ISIC_4529092,0
ISIC_4529168,0
ISIC_4529294,0
ISIC_4529363,0
ISIC_4529581,0
ISIC_4530154,0
ISIC_4530249,0
ISIC_4530871,0
ISIC_4531585,0
ISIC_4531954,0
ISIC_4532303,0
ISIC_4532667,0
ISIC_4532882,0
ISIC_4533487,0
ISIC_4533664,0
ISIC_4533779,0
ISIC_4533833,0
ISIC_4534433,0
ISIC_4534571,0
ISIC_4534608,0
ISIC_4535099,0
ISIC_4535125,0
ISIC_4535659,0
ISIC_4535762,0
ISIC_4535809,0
ISIC_4535920,0
ISIC_4536012,0
ISIC_4536154,0
ISIC_4536407,0
ISIC_4536635,0
ISIC_4536709,0
ISIC_4536982,0
ISIC_4537784,0
ISIC_4537869,0
ISIC_4537893,0
ISIC_4537937,0
ISIC_4538207,0
ISIC_4538489,0
ISIC_4538661,0
ISIC_4538870,0
ISIC_4539623,0
ISIC_4539674,0
ISIC_4539713,0
ISIC_4540140,0
ISIC_4540332,0
ISIC_4540439,0
ISIC_4540903,0
ISIC_4541530,0
ISIC_4542016,0
ISIC_4542225,0
ISIC_4542516,0
ISIC_4542632,0
ISIC_4543121,0
ISIC_4543330,0
ISIC_4543887,0
ISIC_4543944,0
ISIC_4544729,0
ISIC_4544879,0
ISIC_4545112,0
ISIC_4545553,0
ISIC_4545717,0
ISIC_4545751,0
ISIC_4546136,0
ISIC_4547141,0
ISIC_4547148,0
ISIC_4547333,0
ISIC_4547675,0
ISIC_4547887,0
ISIC_4548346,0
ISIC_4548356,0
ISIC_4548483,0
ISIC_4548632,0
ISIC_4548947,0
ISIC_4548990,0
ISIC_4548995,0
ISIC_4549059,0
ISIC_4549530,0
ISIC_4550082,0
ISIC_4550251,0
ISIC_4551082,0
ISIC_4551517,0
ISIC_4551907,0
ISIC_4552035,0
ISIC_4552090,0
ISIC_4552230,0
ISIC_4552843,0
ISIC_4553390,0
ISIC_4553571,0
ISIC_4553633,0
ISIC_4553760,0
ISIC_4554381,0
ISIC_4554863,0
ISIC_4555130,0
ISIC_4555291,0
ISIC_4555461,0
ISIC_4555577,0
ISIC_4555795,0
ISIC_4555817,0
ISIC_4556455,0
ISIC_4556458,0
ISIC_4556592,0
ISIC_4556663,0
ISIC_4556690,0
ISIC_4557337,0
ISIC_4558228,0
ISIC_4558701,0
ISIC_4558982,0
ISIC_4559070,0
ISIC_4559115,0
ISIC_4559174,0
ISIC_4559397,0
ISIC_4559986,0
ISIC_4560338,0
ISIC_4560585,0
ISIC_4560763,0
ISIC_4560814,0
ISIC_4561410,0
ISIC_4561874,0
ISIC_4562053,0
ISIC_4562120,0
ISIC_4562352,0
ISIC_4562725,0
ISIC_4562786,0
ISIC_4563146,0
ISIC_4563442,0
ISIC_4563766,0
ISIC_4564048,0
ISIC_4564163,0
ISIC_4564818,0
ISIC_4564960,0
ISIC_4565254,0
ISIC_4565478,0
ISIC_4565629,0
ISIC_4565708,0
ISIC_4565888,0
ISIC_4566098,0
ISIC_4566200,0
ISIC_4566325,0
ISIC_4566439,0
ISIC_4567607,0
ISIC_4567730,0
ISIC_4567954,0
ISIC_4568001,0
ISIC_4568022,0
ISIC_4568084,0
ISIC_4568565,0
ISIC_4569077,0
ISIC_4569239,0
ISIC_4569321,0
ISIC_4569383,0
ISIC_4569631,0
ISIC_4569978,0
ISIC_4570724,0
ISIC_4571395,0
ISIC_4571687,0
ISIC_4572286,0
ISIC_4573256,0
ISIC_4573624,0
ISIC_4574346,0
ISIC_4574865,0
ISIC_4575091,0
ISIC_4575112,0
ISIC_4575432,0
ISIC_4575717,0
ISIC_4575967,0
ISIC_4576725,0
ISIC_4576846,0
ISIC_4577414,0
ISIC_4578194,0
ISIC_4578709,0
ISIC_4579262,0
ISIC_4579531,0
ISIC_4580046,0
ISIC_4580231,0
ISIC_4580428,0
ISIC_4580458,0
ISIC_4580506,0
ISIC_4580926,0
ISIC_4581029,0
ISIC_4581042,0
ISIC_4581058,0
ISIC_4581692,0
ISIC_4581739,0
ISIC_4581863,0
ISIC_4582670,0
ISIC_4583929,0
ISIC_4584265,1
ISIC_4584708,0
ISIC_4584794,0
ISIC_4585372,0
ISIC_4585386,0
ISIC_4585501,0
ISIC_4585877,0
ISIC_4586133,0
ISIC_4586139,0
ISIC_4586632,0
ISIC_4586940,0
ISIC_4587506,0
ISIC_4588129,0
ISIC_4589123,0
ISIC_4589609,0
ISIC_4589707,0
ISIC_4590786,0
ISIC_4590810,0
ISIC_4591099,0
ISIC_4591134,0
ISIC_4591316,0
ISIC_4591526,0
ISIC_4592019,0
ISIC_4592289,0
ISIC_4593224,0
ISIC_4593735,0
ISIC_4593792,0
ISIC_4593940,0
ISIC_4594359,0
ISIC_4594429,0
ISIC_4594982,0
ISIC_4594995,0
ISIC_4595555,0
ISIC_4595741,0
ISIC_4595856,0
ISIC_4596089,0
ISIC_4596182,0
ISIC_4596231,0
ISIC_4596257,0
ISIC_4596803,0
ISIC_4597011,0
ISIC_4597566,0
ISIC_4597598,0
ISIC_4597707,0
ISIC_4597914,0
ISIC_4599730,0
ISIC_4600505,0
ISIC_4600666,0
ISIC_4600751,0
ISIC_4600831,0
ISIC_4601037,0
ISIC_4601046,0
ISIC_4601297,0
ISIC_4601381,0
ISIC_4601418,0
ISIC_4601527,0
ISIC_4601679,0
ISIC_4601757,0
ISIC_4602050,0
ISIC_4602667,0
ISIC_4602691,0
ISIC_4602983,0
ISIC_4603054,0
ISIC_4603706,0
ISIC_4603891,0
ISIC_4603987,0
ISIC_4604137,0
ISIC_4604654,0
ISIC_4604893,0
ISIC_4605642,0
ISIC_4605737,0
ISIC_4606283,0
ISIC_4606519,0
ISIC_4606646,0
ISIC_4607215,0
ISIC_4608323,0
ISIC_4608393,0
ISIC_4608846,0
ISIC_4609932,0
ISIC_4610204,0
ISIC_4610600,0
ISIC_4610868,0
ISIC_4610907,0
ISIC_4611145,0
ISIC_4611698,0
ISIC_4611792,0
ISIC_4612015,0
ISIC_4612180,0
ISIC_4612744,0
ISIC_4613405,0
ISIC_4613437,0
ISIC_4613450,0
ISIC_4613657,0
ISIC_4614044,0
ISIC_4614129,0
ISIC_4614604,0
ISIC_4615813,0
ISIC_4616221,0
ISIC_4616635,0
ISIC_4617212,0
ISIC_4617417,0
ISIC_4617683,0
ISIC_4618364,0
ISIC_4618918,0
ISIC_4618932,0
ISIC_4619182,0
ISIC_4619789,1
ISIC_4619889,0
ISIC_4619903,1
ISIC_4620053,0
ISIC_4620192,0
ISIC_4620387,0
ISIC_4620425,0
ISIC_4620906,0
ISIC_4621548,0
ISIC_4622069,0
ISIC_4622079,0
ISIC_4622159,0
ISIC_4622902,0
ISIC_4623037,0
ISIC_4623351,0
ISIC_4624352,0
ISIC_4624536,0
ISIC_4624611,0
ISIC_4624753,0
ISIC_4624973,0
ISIC_4626159,0
ISIC_4626633,0
